,Temperature,Humidity,Wind_Speed,Cloud_Cover,Pressure,Rain,predicted_column
0,29.6288228006,53.8161864022,13.819729333,71.9170016652,987.9659571012,0,0.0
1,20.596376214,73.2066562633,4.4035705311,93.6070608607,992.0764492422,1,1.0
2,28.1018131602,67.6425684269,8.1441781222,36.1529895817,998.2874885446,0,0.0
3,23.3080082065,42.8066357668,3.7960763078,75.9776958731,1038.900867519,0,0.0
4,30.4363315905,80.4449782842,19.0886275791,39.8131368103,1043.9179888484,0,0.0
5,28.8695973299,82.2272009065,1.1101034288,33.179083479,1002.7496647353,0,0.0
6,17.4546839916,90.353834113,17.5984507032,18.7302329822,1045.8506137389,0,0.0
7,11.708409436,88.5476249606,19.0015870041,21.0919346468,1000.7706616989,0,0.0
8,18.8903184462,51.6434279445,0.2266452462,77.8855521501,1026.3652176884,0,0.0
9,13.4936444716,96.957211326,7.8547052886,19.2876896179,1040.1600467754,0,0.0
10,22.5265793209,46.0894669456,15.7116537563,14.78211424,1004.8720159536,0,0.0
11,27.7262702454,32.703593902,18.2964734788,22.3877090406,1008.5013134989,0,0.0
12,29.539543192,52.7219999389,15.5512638866,29.2804368727,1009.103410831,0,0.0
13,19.9152528032,53.3648383426,7.0624173648,94.9012304293,1027.4312947824,0,0.0
14,30.4105257804,83.0422987799,1.2168486917,93.9352552826,1021.7731160357,0,0.0
15,14.2793012039,89.8125809312,19.7894693169,95.9346395656,1031.6533496584,1,1.0
16,15.7813738245,60.8867101517,13.430101591,12.8723329089,1043.9508632427,0,0.0
17,32.1958576571,31.0994443959,18.1103153536,25.8996647398,1039.2463845671,0,0.0
18,22.0260612027,40.5447338383,14.8569476196,69.4505589176,995.2321588917,0,0.0
19,18.3268008619,77.9456555695,12.1885447694,97.4472895341,1040.2442066558,1,1.0
20,22.9537453448,70.4411658987,7.9939294321,12.9307012474,984.4914860632,0,0.0
21,25.2042896419,55.4591796079,5.44154465,65.1726395002,1041.7414801658,0,0.0
22,10.452408955,65.363408855,12.9364304987,1.225480285,1004.9278480155,0,0.0
23,15.9603320231,72.7610906479,11.8480919281,22.424445387,1024.251303286,0,0.0
24,24.716553867,99.0964075674,7.7538969306,51.5548130382,987.0744436328,1,1.0
25,16.1849688885,35.3772917784,0.1007428789,48.7857844036,998.7262645523,0,0.0
26,34.9549738211,69.5891186074,8.088581707,75.9164370355,1030.3351076653,0,0.0
27,16.5722794253,85.9554387295,0.9735291934,10.8590340436,995.5107959475,0,0.0
28,25.5823668255,58.9954735067,7.9827248801,25.8807605007,986.920933488,0,0.0
29,26.8413317396,76.8435189951,12.5576565478,43.9412507559,1009.0812920724,0,0.0
30,30.8247119014,91.0794350271,6.1208555646,58.7894747465,1030.5275794345,0,0.0
31,34.4831134316,63.7868926923,7.8531666265,88.5834279283,1022.074177333,0,0.0
32,22.2108271984,76.5097484382,15.8654712869,44.0577569659,1016.5040631027,0,0.0
33,20.3271531476,88.8985065725,12.4674627243,43.6663472858,1038.9451854192,0,0.0
34,27.0092563599,51.9131830531,4.4515504175,17.5373636826,1034.0266069948,0,0.0
35,22.2421228091,98.9608278183,4.42597198,84.0826816891,1016.0143558678,1,1.0
36,17.1788178222,50.7138498461,18.2715783659,14.8029346248,1037.1272002714,0,0.0
37,24.2108487217,70.6697073071,12.265711572,61.5572954554,1041.7153889946,1,1.0
38,27.2162079246,69.7707345088,12.1620532811,28.852306049,1012.1602358557,0,0.0
39,27.515833616,52.9521753653,13.7565610615,67.8212511501,1021.1884300328,0,0.0
40,14.6840225357,82.0541393158,8.7517279804,58.9390579807,1003.4183373277,1,1.0
41,18.5585594156,93.681888759,6.340445652,72.2111599454,980.4359043499,1,1.0
42,33.9372135862,78.1518006147,16.7323850052,4.0319712827,1020.3023664533,0,0.0
43,28.7197064385,72.5734668658,14.6443186537,6.0659191351,1007.4340277553,0,0.0
44,28.09057736,32.9728438395,4.5792201623,55.3845840735,996.1152270569,0,0.0
45,32.4659417102,83.8115108282,14.7496797899,44.0389641666,980.2012158582,0,0.0
46,31.5547879355,81.3852974411,18.1293545965,65.2552325035,993.6124879731,0,0.0
47,27.5584785673,46.4817436716,10.8849149747,39.7151333539,1008.5909611226,0,0.0
48,19.9253416694,46.5518999211,9.8827295656,37.8679650592,983.7529151529,0,0.0
49,19.8005429326,88.9939948742,7.7378602465,58.3023825766,997.7171072614,1,1.0
50,12.5442566636,85.2831605498,16.1631105938,0.4650190138,1008.7747498372,0,0.0
51,22.2973057927,79.5607868049,16.3090362087,8.167300339,994.8292877914,0,0.0
52,16.8751600175,75.6447951238,6.8848694433,85.3158482101,1010.5475804509,1,1.0
53,28.572457302,43.3311268026,0.8844096965,91.8943978987,1012.0998434626,0,0.0
54,15.1195340484,64.5660332525,14.082862601,74.7039648806,1021.3175911375,0,0.0
55,13.5227441041,43.7709492136,19.8423426991,37.6594746008,1015.4193161288,0,0.0
56,34.561122075,59.1457055749,15.3048989205,6.1822130863,999.5680349695,0,0.0
57,34.1231235212,89.6711070548,5.1146706406,36.003530929,988.4165681756,0,0.0
58,13.8091120913,88.4821576134,7.8170773579,73.0622004262,1031.690980455,1,1.0
59,21.5369840563,93.1346542841,1.4244492228,71.8948992154,990.9355668251,1,1.0
60,28.035166699,83.0413989083,0.1967377609,24.2120153173,1032.7311123227,0,0.0
61,17.8397652936,69.3628416791,4.2539230525,13.440603494,1044.7766532388,0,0.0
62,30.1205741247,71.1366848619,17.9022810577,61.8766802085,1017.3461790806,0,0.0
63,24.5059467716,70.8267952175,10.6171265136,22.8812846729,1044.1110281242,0,0.0
64,22.6466595956,78.8180264856,2.1223589806,83.721852883,1020.3836088715,1,1.0
65,23.1646064999,35.4597645943,11.3379907677,14.1933395169,997.1886149548,0,0.0
66,12.0112128884,87.333623605,3.774392031,39.1494951106,986.8370801337,0,0.0
67,13.3365367734,81.5382561033,1.224992922,22.677488118,1046.0190600701,0,0.0
68,33.0969575628,34.2364714548,9.3115807363,54.0743456764,1015.7616134663,0,0.0
69,19.4357546304,40.6995143399,14.0335662116,26.2115764241,1010.4807605066,0,0.0
70,31.1269406819,47.9003862946,16.3955392582,54.3202726225,997.9749382429,0,0.0
71,28.7585796759,91.89226686,14.1973954871,97.8168995849,999.8076402471,0,0.0
72,34.4821579997,93.3443510919,6.0613857841,23.2932032259,1039.0351079689,0,0.0
73,26.9473742405,84.0151352982,7.9422806807,6.0900851371,998.9144977152,0,0.0
74,19.8407436459,31.1412239626,17.3873785388,47.7567732853,1010.8328196236,0,0.0
75,31.2037595087,35.6471702995,1.6358615143,56.3474382067,1041.7085426932,0,0.0
76,13.9867273085,30.2457487231,7.3536640088,82.388886687,1021.5909550957,0,0.0
77,31.331149404,55.8456329519,13.0518323758,29.4975459384,1038.6461318086,0,0.0
78,13.7733724328,42.8082915509,12.3377556051,47.4075774501,981.4358715469,0,0.0
79,12.9568606467,62.3147552923,4.0198316763,53.3035680507,1015.016725159,0,0.0
80,16.1639234953,30.1373501218,11.3166223154,8.139958627,1001.9879027444,0,0.0
81,15.186751886,96.2490856235,19.5339925196,3.2474577934,1041.2652232876,0,0.0
82,13.4545737837,52.051720398,10.3427914311,37.0096357659,1022.8310204998,0,0.0
83,29.4788481131,83.8457978726,9.4832750978,88.839386251,995.7413116755,0,0.0
84,10.6068176156,39.8989878317,7.0989495999,46.9731323704,991.9710018647,0,0.0
85,19.3515656252,46.4509493425,13.5624466523,73.2365168198,1028.2086567417,0,0.0
86,31.92051551,97.3159990601,0.7561710064,14.1984083211,1014.0303314331,0,0.0
87,12.2721433008,58.3943726236,7.8493323725,57.2669758157,1036.136633368,0,0.0
88,24.114927741,34.3789665591,17.2948296247,95.4043913993,998.4569568059,0,0.0
89,25.5966681317,98.0071649843,11.7261937803,77.1405994084,1021.6351420381,0,0.0
90,17.7862348886,52.7468880328,9.2414453941,40.5215265832,1044.2360637696,0,0.0
91,16.6031432797,55.7257496482,7.5523509795,41.5434007827,991.3794828779,0,0.0
92,30.7036653304,80.6960023891,9.4777955772,37.1870047188,1007.6126747766,0,0.0
93,27.3118029843,95.9987612348,10.9610481315,22.43374114,1001.146163193,0,0.0
94,34.9588719275,59.8625837084,0.7260874601,80.998939804,1010.8276899633,0,0.0
95,23.9793445525,84.7206160642,12.7861353609,29.6892025377,983.0399712682,0,0.0
96,16.8573925961,57.8902199232,3.9847581498,76.5016869172,1033.0516496079,0,0.0
97,29.4794858325,79.9967982396,14.7028464048,53.5269909517,992.5498465258,0,0.0
98,30.1205741247,71.1366848619,17.9022810577,61.8766802085,1017.3461790806,0,0.0
99,26.6691678861,53.6906193845,2.2620011203,20.457909251,1016.8904210578,0,0.0
100,24.5270482418,70.3086886472,1.0876634159,64.3436886457,994.9517608949,1,1.0
101,24.3986623889,58.0357324507,6.8432416517,2.8163609753,1023.7960865133,0,0.0
102,14.5316915537,81.9851396368,10.1028082153,57.7775002957,1020.1450484947,1,1.0
103,20.2255377898,85.9900022725,7.7924564864,13.438714558,1006.2345477283,0,0.0
104,11.1462588776,64.469905593,13.1994878098,54.607504857,1026.8233760392,0,0.0
105,23.3970745319,64.7064780291,6.2864328819,92.4340512161,1004.7036780697,0,0.0
106,23.0259151551,65.5789962532,15.6235641714,28.6276613916,1022.4352079404,0,0.0
107,10.1373704452,31.9397524649,11.0065808846,14.7574445711,994.4506244385,0,0.0
108,10.4265121565,38.1336357364,3.924851619,80.4785338549,1010.764414056,0,0.0
109,25.7078457593,36.5865889387,12.3696255245,36.9073604717,1026.7610398885,0,0.0
110,33.0728572658,71.1423660804,5.6510271168,87.1209548562,1038.4745245307,0,0.0
111,29.6547124866,60.5276874067,8.5292298358,22.1447322809,1003.5260705381,0,0.0
112,12.6825257879,88.8877844821,2.4077671674,6.686067487,998.0436315572,0,0.0
113,26.4234740475,50.247323919,4.5597477726,14.9248168185,1002.4549616673,0,0.0
114,28.0079816497,61.3741906619,17.6811414424,64.9651136611,999.8108331882,0,0.0
115,13.354340952,43.1536898719,18.3685044605,66.8498476554,1004.1811892958,0,0.0
116,18.9336719919,68.8100109175,19.9142838201,10.7360932354,1041.5643102092,0,0.0
117,24.5784494618,30.1372897336,8.5280211744,29.4710721437,1013.1687424408,0,0.0
118,26.1473528267,48.2172604104,15.2585467604,59.7662786323,1049.7387510144,0,0.0
119,14.5876116768,49.1417740932,5.8836855506,1.4617300006,1025.0047041764,0,0.0
120,30.4037688067,47.3901271288,17.7298748987,60.2029722521,1025.4953770591,0,0.0
121,32.5091862901,58.327588204,0.3867249599,93.2096479781,991.0242813706,0,0.0
122,14.7565127231,32.0893636726,16.5361494701,86.7999849968,995.8856154143,0,0.0
123,19.9950423056,43.620216698,17.9255881445,75.3579398491,1001.9774415128,0,0.0
124,33.9569833461,99.6995377456,4.0651108098,69.3944871228,992.1797713078,0,0.0
125,31.265699995,50.2777167367,3.7522712684,93.157116307,1003.8649439137,0,0.0
126,24.2275184654,44.5889809941,1.2395429215,45.796204472,997.6656131262,0,0.0
127,23.1646007205,52.175998443,1.3745363224,87.5977988129,999.3121378578,0,0.0
128,22.9996247488,31.0762434375,6.6883307916,90.8091947554,981.8993247275,0,0.0
129,21.9411625719,63.4055736502,1.2237776843,53.9393624702,1025.1433023732,0,0.0
130,20.5652518458,65.3964280384,19.7223160461,40.8842685647,1001.0370890876,0,0.0
131,13.5496618856,64.5613774429,12.640136257,54.8752043602,1002.8192544011,0,0.0
132,25.555776471,34.8851796125,13.5015587904,73.1104298528,1029.6267252222,0,0.0
133,18.5652746085,78.3532891684,10.7006258017,14.0689403202,1010.7626942707,0,0.0
134,14.158115343,39.9814004228,4.4904773299,29.5418567778,1029.81743501,0,0.0
135,27.8342601354,96.9875945697,8.5802742169,22.0639502618,1031.2491050985,0,0.0
136,25.5285081365,34.6486126028,11.448526257,55.1227556102,990.5392975383,0,0.0
137,32.8037738253,53.0197263668,6.4805610022,26.4433982863,1043.3584412924,0,0.0
138,34.503975936,69.4208047377,6.4167367908,98.3538542849,1000.992098308,0,0.0
139,28.2094749082,86.8655525235,16.5611162066,52.5146137813,987.2447711678,0,0.0
140,17.4647461962,40.4704936271,15.1984771198,79.5427331575,1041.9835014309,0,0.0
141,33.8418924107,64.0461655874,17.0191781533,87.589604001,991.0254402168,0,0.0
142,10.5162749866,40.7882018564,12.922150675,14.8389535517,995.2655781406,0,0.0
143,31.4069044906,49.2216289874,3.9540084621,61.7439571273,995.6307097034,0,0.0
144,24.6262752606,44.1501793711,9.4378997171,74.4998636858,1023.3643484113,0,0.0
145,23.9496850152,66.7611810995,7.6114932603,64.5782180771,985.2796658328,0,0.0
146,18.716629943,41.504278688,3.0847357311,96.5742344183,998.0919784259,0,0.0
147,11.6812407866,64.9623042375,8.9343731191,45.0561533562,1003.9764679551,0,0.0
148,22.0875164596,71.5300651223,0.8579179457,84.1625539994,1039.6648654595,1,1.0
149,28.0260852108,45.5465115622,3.7328019255,22.4325123472,980.8733233957,0,0.0
150,28.0625021877,60.6145973548,1.0851167263,91.91273578,1049.4430431829,0,0.0
151,23.2078781764,36.6991187066,2.9668601895,46.0885536738,1041.4919600017,0,0.0
152,20.925798845,66.2836451217,10.9415360461,50.0100959629,1001.2107890725,0,0.0
153,17.3255071127,38.7841948065,16.8670963095,31.6583948687,1041.0075897962,0,0.0
154,15.5372544701,43.3770840431,14.6334159974,48.3511847607,1026.7062152415,0,0.0
155,29.2645187126,40.6965344815,12.6424162855,8.6920114408,1019.8457864848,0,0.0
156,27.8513446268,72.5124241896,8.49258483,29.1711627565,1009.6729255474,0,0.0
157,20.3224154227,63.951812475,19.4577664225,91.1451527,1022.8563889827,0,0.0
158,28.3203781009,53.7504630703,18.5027279224,53.3124278487,1025.7058292495,0,0.0
159,14.6308081309,53.2348994355,7.7348467218,83.570636924,1049.769117451,0,0.0
160,10.2321112626,96.6973658484,7.875530381,37.7797187292,1020.9202641882,0,0.0
161,28.5502326014,64.0447531468,8.2661522017,95.548263232,1031.3766991957,0,0.0
162,22.8020178981,39.4745780036,15.2015198133,16.0511979398,1009.3209347379,0,0.0
163,23.9630774358,86.0284693748,3.6125745643,84.8420392065,997.9534165866,1,1.0
164,13.6950333516,83.5821279233,15.0711750553,6.9457527619,985.1791595986,0,0.0
165,29.9672312221,64.2648046864,16.325075028,61.1589105969,1012.721146169,0,0.0
166,25.5823668255,58.9954735067,7.9827248801,25.8807605007,986.920933488,0,0.0
167,23.4592109617,65.9315137934,18.8368820265,56.4777339565,988.6274148096,0,0.0
168,18.6179531844,92.5707356447,16.1776912115,59.3682317583,1032.247035951,1,1.0
169,33.8990437677,62.8005836468,12.2537752583,75.9798889679,1008.8393262794,0,0.0
170,30.3419662425,61.218086242,16.4832426983,22.8056420557,997.4044213508,0,0.0
171,29.3686903548,61.3348239837,3.0639841512,71.8929872411,993.2057509409,0,0.0
172,14.2328172636,57.5651770361,11.5129745249,46.8313724568,1024.3416408267,0,0.0
173,24.805760469,63.2649823424,13.4611410007,18.9117789549,1038.2946198404,0,0.0
174,15.6079257244,78.6004041058,14.1414510453,87.6582573669,1013.9630443699,1,1.0
175,14.7565127231,32.0893636726,16.5361494701,86.7999849968,995.8856154143,0,0.0
176,33.721525518,77.404870038,15.8348600685,97.9067999558,982.0306544787,0,0.0
177,11.1701588678,32.784830862,18.3054256991,74.5497168624,1046.3599813728,0,0.0
178,12.4112715174,31.6189870673,15.2221671947,28.4513695569,1049.5117933974,0,0.0
179,16.3479166747,31.0660205759,2.2139902827,27.8510612123,1006.5249376418,0,0.0
180,21.0330367545,95.9178174078,13.710740982,85.9508386875,1046.3581467751,1,1.0
181,25.0690844018,83.0728428926,1.3719918181,14.8557839392,1007.2316201173,0,0.0
182,28.035166699,83.0413989083,0.1967377609,24.2120153173,1032.7311123227,0,0.0
183,23.019035931,59.1877041397,17.3420684329,75.4245912594,1002.7949832522,0,0.0
184,27.0797962563,87.3017301153,10.930010593,89.1708390996,991.7561619131,0,0.0
185,13.7587439218,98.4890760058,14.5520802131,98.653777467,1037.0756146367,1,1.0
186,24.1577901389,71.5519846929,19.6822045531,73.4310149735,997.2157300861,1,1.0
187,22.12263188,73.4860932333,7.8042946224,85.7731849667,1036.265692295,1,1.0
188,14.9727833667,45.5036378314,1.1692483731,34.7328188124,1040.8478277843,0,0.0
189,27.6237015481,73.9445211957,19.3274348885,52.9060754513,1018.6063774507,0,0.0
190,10.4630448615,97.6354794587,0.5267711828,57.3378724828,1049.0730092032,1,1.0
191,22.9344776789,88.5212307941,11.5461000026,0.5486695265,1014.010323859,0,0.0
192,32.1380659362,94.794431512,10.443703282,69.0525281297,991.7329160712,0,0.0
193,14.0738606512,30.5467150784,0.2580257951,7.9114470688,1035.3211374103,0,0.0
194,28.1398591053,55.7398831167,3.4189910846,8.2670897125,987.0862865332,0,0.0
195,27.7192597735,33.235848033,12.0189557905,48.7428875856,994.2769702889,0,0.0
196,21.2955420667,98.0004902456,13.8350044867,81.0141542178,1005.3716006428,1,1.0
197,22.9591602597,31.18186491,19.8906206156,85.1692428802,1038.3651316253,0,0.0
198,16.4671016722,97.9149060545,17.3863820413,0.6773740742,1010.3260962103,0,0.0
199,16.6347372735,86.1503567791,19.9376490934,41.6006477871,993.8973884305,0,0.0
200,13.9742395911,79.0142638114,11.5622082156,8.1000794966,1027.1843761999,0,0.0
201,33.4466093611,33.1548879173,15.3495663846,86.1728653366,1012.7002398213,0,0.0
202,25.5285081365,34.6486126028,11.448526257,55.1227556102,990.5392975383,0,0.0
203,11.0294947832,67.3399557653,10.6467012206,69.5735028174,1010.6212297818,0,0.0
204,10.3042789236,80.3702323421,1.1649339266,53.4734109947,1010.7091729096,1,1.0
205,25.5031470142,43.1605580244,7.9871877209,10.663266828,1005.535225213,0,0.0
206,26.7881924191,32.6047725416,8.3601945192,47.8658123905,1011.6919681821,0,0.0
207,11.9700590077,84.451617728,6.8339042556,97.4130559488,1025.5044256881,1,1.0
208,10.119684631,66.5770550542,2.8553863339,57.6287031557,989.6639688182,0,0.0
209,25.5596107142,52.0606052412,17.6176290716,77.1252559373,995.8384320585,0,0.0
210,22.0015221955,30.3337864435,11.0838637249,14.1186784126,993.0389666673,0,0.0
211,27.6995588663,64.741515181,15.4644905994,68.8082111995,1002.7916782796,0,0.0
212,12.6751035048,92.348117434,1.0106578138,21.3547625688,980.0144863937,0,0.0
213,27.8763149366,36.6766246395,0.7600897596,60.8633859888,1019.8646825227,0,0.0
214,21.405562549,64.9734848681,0.5537973296,0.9417367751,1005.3873648221,0,0.0
215,33.523758247,71.2745594159,10.0667692596,67.3064646482,1009.2203084882,0,0.0
216,19.4561293731,57.9664312645,5.1835978076,63.7802712043,1041.0567694959,0,0.0
217,30.1315963895,39.2771684243,14.1656628115,19.0139563125,1048.171314989,0,0.0
218,31.4884156755,39.7095955675,5.286559515,0.6593067303,986.7518421925,0,0.0
219,24.6277275077,33.9417703275,18.7739083254,16.3593789077,1022.28019686,0,0.0
220,30.511554021,66.8560888441,4.9154582378,52.3515543935,1039.245653078,0,0.0
221,10.505459936,75.4560911441,14.7973311753,99.1423310503,1011.5771942729,1,1.0
222,24.6526985435,77.2183535263,9.8125388648,97.8857905846,1034.8944943114,1,1.0
223,15.9493135734,68.825050921,0.63424134,53.4537280742,997.5939986901,0,0.0
224,22.0275491004,34.002795159,1.5242069602,47.8387969501,1046.5004596789,0,0.0
225,20.925798845,66.2836451217,10.9415360461,50.0100959629,1001.2107890725,0,0.0
226,23.2020481977,68.9947245679,6.6084502413,51.351139835,1046.0274566993,0,0.0
227,26.8011951838,79.2401296351,15.5352833651,78.0178818416,1040.2728598839,0,0.0
228,33.7968619208,93.6707874237,7.7046089338,1.196410401,1030.8596333885,0,0.0
229,28.2236924036,40.1439446685,14.8908537517,94.0083745939,1009.421761792,0,0.0
230,27.8785813006,37.3582760624,0.4947797732,46.624859503,991.1641447498,0,0.0
231,16.3297798431,31.7647118154,17.038318173,88.8923250965,1009.6057258859,0,0.0
232,33.3958020054,85.9811090266,4.1537827064,76.2278855204,1037.5972421532,0,0.0
233,20.720244254,65.7306723294,14.2838043187,32.5931260124,1043.3437303987,0,0.0
234,14.0589486978,71.8544728189,4.1045061247,18.4933902516,1038.1547382033,0,0.0
235,10.7487581226,46.7706027471,1.2125418179,59.402744316,1016.2955912285,0,0.0
236,11.5842251137,66.3708304621,10.9587988036,65.421959494,1034.9221701366,0,0.0
237,14.369300104,61.8030108472,19.2972848331,37.3717819337,1042.5888277487,0,0.0
238,16.2880684542,73.6926895921,19.2050247543,66.2131569283,1010.9754223053,1,1.0
239,21.0508909432,81.3499313369,16.1626566623,89.9226970701,1025.1641397395,1,1.0
240,20.2075727085,65.086541825,17.4968998943,42.0459670951,1024.3365870202,0,0.0
241,26.646477939,51.0808639228,15.7217139977,2.4886569354,1026.8733957036,0,0.0
242,11.8819319958,33.697392832,2.9260881582,68.1345447229,999.0823182494,0,0.0
243,11.4219314786,86.2453148759,19.3385340003,47.7409118472,1032.6471010214,0,0.0
244,33.1938269831,40.4049113929,9.9658183973,87.5784889369,1025.093997793,0,0.0
245,21.5369840563,93.1346542841,1.4244492228,71.8948992154,990.9355668251,1,1.0
246,22.9731419659,32.9917295115,10.4650058728,50.4633162769,997.4810022955,0,0.0
247,17.167917076,79.7126554944,15.9618310945,57.5197886025,1018.7300079044,1,1.0
248,20.7600609877,54.4043260978,1.0159527981,37.5553028454,998.9510977818,0,0.0
249,10.4922910681,76.5400233001,6.5170281608,54.0544886493,993.2051098815,1,1.0
250,10.4697450109,90.87209912,9.7232419352,76.165333032,1001.3261294039,1,1.0
251,31.6486367142,72.5155375209,0.448056276,52.0841032304,992.061139347,0,0.0
252,25.1211379936,39.7811106078,11.1843636555,55.6387752238,1018.3327774203,0,0.0
253,13.0886671233,86.5005438866,11.8744769656,95.0619787213,1020.8279814609,1,1.0
254,26.3249940236,78.1679716969,9.5418880305,77.5767895949,1005.4684603962,0,0.0
255,12.1109581606,55.9556086175,6.4192356851,84.5775081178,1047.0746179561,0,0.0
256,11.0336593079,59.5404525144,13.4056085616,35.5920729342,998.1559358404,0,0.0
257,15.2460937244,70.2777628163,15.1268496148,17.1195277362,1003.5336861835,0,0.0
258,21.9693159204,63.8640240715,15.6521488587,2.4681182739,1021.3339386388,0,0.0
259,34.1763729519,97.4165523811,16.76422526,71.7913038209,1031.9782638502,0,0.0
260,24.7039417623,73.7010040098,18.5964179335,39.7110273525,1019.68921553,0,0.0
261,34.3680809354,48.6181313531,3.2481739572,54.7226577369,1040.0980137514,0,0.0
262,25.4620064878,83.8140556138,17.7063899272,41.5732127238,1023.9267300006,0,0.0
263,19.8079735016,36.7308678011,3.4329614922,52.6453255188,991.6673428129,0,0.0
264,34.3229872256,90.0585005301,4.9556351344,29.5536992832,996.0342353881,0,0.0
265,20.3714217333,64.5045224998,12.7483806843,0.7486740576,988.5822744769,0,0.0
266,13.3359857936,90.9908013541,19.0930232556,29.8443848428,1001.7818543907,0,0.0
267,31.6595581482,72.9922501655,1.195688719,13.2273670306,985.4372637803,0,0.0
268,19.9805595914,86.2110601678,11.642306899,95.5321395653,984.4670919944,1,1.0
269,32.6968898589,90.3146406236,13.5726123427,60.6817021439,1034.5268211011,0,0.0
270,32.1740195304,55.2173711169,9.3467653169,19.4687259024,1011.394370759,0,0.0
271,30.7549144959,95.8052764859,0.127122789,96.6526048337,1013.124949406,0,0.0
272,23.9033294863,60.6449674202,12.410145143,87.2003178716,1009.0409785644,0,0.0
273,13.2822332118,46.4004152375,7.9527547816,37.5675114848,1033.8288611715,0,0.0
274,27.7258865046,44.6178637349,7.207153285,19.9190714801,991.2684100944,0,0.0
275,24.0112647177,62.24740828,12.5742612509,45.8026691833,997.3476219459,0,0.0
276,34.5888854543,62.0023258155,15.1498433315,75.4842237525,1033.1727503434,0,0.0
277,25.8696580733,69.6383297996,7.2778554864,35.9246688127,1028.9258436393,0,0.0
278,32.3846471072,31.8016442908,9.0318592615,64.0270233684,988.3811860921,0,0.0
279,31.1058740388,81.6516898742,3.2614802737,15.4139845557,1033.2108101461,0,0.0
280,27.3138656716,94.699203423,13.5374237749,56.544168887,1042.2283814225,0,0.0
281,12.4562478363,46.431830101,16.295943176,9.4273160435,983.0299915641,0,0.0
282,14.9379776712,46.2639542523,3.3245772868,81.9982569681,980.4366201682,0,0.0
283,10.619226451,32.8108515424,16.9249876008,79.1252407217,1011.754684069,0,0.0
284,24.1650363552,67.390921441,15.9021589032,82.6099103411,1044.5383435923,0,0.0
285,20.0727111183,55.8805335436,18.8097870213,69.7708580438,1043.7670000499,0,0.0
286,32.5102536635,85.9217600748,19.1484938599,87.2293101774,982.1139643699,0,0.0
287,25.011776081,47.5749051197,15.8406167789,16.6565802564,994.6586782582,0,0.0
288,14.2907419315,59.0776470257,9.6008686521,6.0393871249,1009.0813992666,0,0.0
289,32.1925208932,43.8267504464,15.510737446,5.1267818889,1023.1118510184,0,0.0
290,31.8599979269,61.5876373015,7.7383998315,7.2783049892,1031.7267812702,0,0.0
291,10.7400207186,81.5636760798,11.1162060288,3.9410505456,1045.0359736551,0,0.0
292,21.4534706815,70.4916083714,5.3915519987,12.7848810169,1029.2455466651,0,0.0
293,17.9642238113,37.2277254466,14.1531945508,7.3989703755,1012.1107004897,0,0.0
294,28.9594663459,47.1493146933,8.5779678275,9.9113162929,1024.4534925114,0,0.0
295,17.6043389347,59.8974765919,4.7603028279,1.9684758216,1030.4207391799,0,0.0
296,12.9330120096,76.9496970872,13.3974681038,54.7753178569,1011.8862125491,1,1.0
297,26.8156784814,80.280503442,15.7988940534,20.6355444404,1016.3198370291,0,0.0
298,23.0788997498,60.2206096823,15.6427465888,9.4746708081,1006.3818558361,0,0.0
299,18.0707384387,87.8563042746,6.7414628084,61.5302610101,993.3002606611,1,1.0
300,20.5058384118,60.3029292759,4.7825499591,2.0966770378,1014.6087308209,0,0.0
301,24.0112647177,62.24740828,12.5742612509,45.8026691833,997.3476219459,0,0.0
302,16.9766987057,45.38630785,12.3264285705,5.8312598477,1031.1112878088,0,0.0
303,10.5026886547,40.8408590958,15.0705006965,15.125457181,1000.5174048316,0,0.0
304,12.2721433008,58.3943726236,7.8493323725,57.2669758157,1036.136633368,0,0.0
305,22.8858271672,86.3701778802,11.9864811689,77.4746325212,1047.1488397171,1,1.0
306,13.0049140303,41.4736930077,5.7841702431,13.7209674793,1043.2814080899,0,0.0
307,25.9690439342,71.230944229,14.0387917707,46.7578818613,996.1987672787,0,0.0
308,29.3719944837,91.7822258918,11.5195477071,97.621895921,982.2398591435,0,0.0
309,33.4279260485,91.0821348728,2.5559870337,55.678874608,1047.3665472648,0,0.0
310,30.0318354965,79.2519196456,5.7529675077,95.2571742084,986.2178325295,0,0.0
311,14.84976994,30.9878535646,3.821588049,48.778538176,1031.5855003026,0,0.0
312,22.0879531857,48.8214761273,14.5180280118,18.414941894,1027.2200127901,0,0.0
313,17.2351523237,34.3291348256,14.9556892922,29.9685022163,1048.7692320996,0,0.0
314,11.0613622181,77.5857718158,4.7206760274,16.9632598282,1023.7167257485,0,0.0
315,24.2108487217,70.6697073071,12.265711572,61.5572954554,1041.7153889946,1,1.0
316,12.9381410726,86.9911090026,19.1701943903,74.2652110368,1027.0092232162,1,1.0
317,26.8413317396,76.8435189951,12.5576565478,43.9412507559,1009.0812920724,0,0.0
318,26.8252533459,91.6867921513,8.0589455758,78.7927317712,1039.2238946006,0,0.0
319,25.7976036589,72.6600504247,12.2476365761,52.4456584138,1049.6280470663,0,0.0
320,21.0343535833,46.9430730016,15.4706623348,56.0155936858,1040.4219578788,0,0.0
321,30.0517130974,34.1686367807,15.5717605805,47.0972281482,981.6676677011,0,0.0
322,20.2464362477,96.1053921002,2.9420754976,22.2084856504,1025.5308822864,0,0.0
323,17.2710226664,31.7576676724,7.2814602453,61.8140958271,1018.5887080051,0,0.0
324,34.2242926168,35.7242624745,1.8933664582,52.0672856898,1045.4328426917,0,0.0
325,13.5838321852,95.7354849583,2.1622550341,71.4829995902,1037.564853513,1,1.0
326,31.6486367142,72.5155375209,0.448056276,52.0841032304,992.061139347,0,0.0
327,31.1602168118,85.7558579017,5.3156276518,57.1693366346,1036.8471602272,0,0.0
328,13.1823506355,45.9399513111,16.5948273911,67.7341553001,982.4273002315,0,0.0
329,30.189095104,55.8644794465,5.8853708553,90.1227623885,1023.6613019698,0,0.0
330,21.3861037363,68.2292924543,3.5816703681,94.1300889261,1035.5425532422,0,0.0
331,29.9672312221,64.2648046864,16.325075028,61.1589105969,1012.721146169,0,0.0
332,24.7569980432,43.5155001634,14.0150183725,36.542913504,981.6833148937,0,0.0
333,33.6156429606,62.9436239961,6.8052481625,69.9519222629,1029.5818413135,0,0.0
334,20.62134803,74.905061934,12.3860121461,79.8494033883,1040.0700648176,1,1.0
335,20.6865351423,77.5921242905,2.9079023798,23.1235178043,1034.7239030544,0,0.0
336,27.0931611819,88.8896046444,7.0940936396,61.5129709874,1027.2953848806,0,0.0
337,28.2936046358,54.7897555586,18.5295688986,19.2229752124,1018.8720295633,0,0.0
338,13.6950333516,83.5821279233,15.0711750553,6.9457527619,985.1791595986,0,0.0
339,10.4257460528,45.1007114797,17.8879468237,33.8525859671,1049.1916377451,0,0.0
340,13.3359857936,90.9908013541,19.0930232556,29.8443848428,1001.7818543907,0,0.0
341,26.0997549807,87.2074008828,14.0729521658,74.840305534,1035.4393309313,0,0.0
342,28.6416645969,78.6466181445,1.5137141138,72.2362794412,1007.2910591447,0,0.0
343,17.4647461962,40.4704936271,15.1984771198,79.5427331575,1041.9835014309,0,0.0
344,21.3163382301,52.2805974912,15.8430365712,38.7649590109,1006.7449431729,0,0.0
345,11.2768870042,78.8167025979,19.989565002,58.2312933484,998.5784915439,1,1.0
346,12.0855608861,39.3943463233,16.7109128234,42.7838213365,982.6594858097,0,0.0
347,14.1635518182,90.0894281038,14.5248548492,95.8566110754,984.5730294654,1,1.0
348,15.577040816,65.5631037205,11.3365128498,0.1674994074,993.240578188,0,0.0
349,15.438805257,41.2845790584,17.7455162404,78.5317730171,1030.681299521,0,0.0
350,32.7210929603,84.87338341,1.1603091433,44.612761543,995.6910771469,0,0.0
351,21.4650990442,78.854065983,18.4190766563,70.1054241685,992.0314518178,1,1.0
352,31.6302865728,75.4930250042,11.6765336367,89.4386702938,1048.4117470942,0,0.0
353,25.3586574995,97.3802059764,13.8042985241,78.1126504405,1020.2119503534,0,0.0
354,14.9495699985,44.5041504162,6.8724327066,71.8729296381,1046.6691673624,0,0.0
355,26.7922464403,77.5046683087,15.8955810349,1.0879471209,991.7853390234,0,0.0
356,31.1343384277,91.4328853311,12.8485161415,54.887597748,1004.9895953249,0,0.0
357,29.7940355295,78.0180672948,16.5941538203,36.3413875399,1002.0207066086,0,0.0
358,34.0484094637,93.3001226076,15.02570654,17.5186399553,992.1865192286,0,0.0
359,31.9808690758,51.0022310132,13.085932674,47.8117134511,1028.6700553337,0,0.0
360,18.1997000227,85.806652415,7.400454542,12.699916505,1003.7917157767,0,0.0
361,19.2380885035,99.6147151961,17.2517862274,51.8803383867,1014.5509156654,1,1.0
362,11.2337236697,88.2811962476,5.5782242106,75.9632222402,1006.7239715805,1,1.0
363,27.2506255048,43.5829784429,6.6080447476,0.1789118647,990.3239155056,0,0.0
364,18.9776626913,73.2369017036,15.4676147055,47.1648675197,1046.8321964283,0,0.0
365,15.0047472052,52.7350100416,4.5534790399,76.9330895069,1044.1643004214,0,0.0
366,18.6132615189,77.1282770542,13.4815908345,53.6347328373,997.0094424582,1,1.0
367,30.6066617426,91.8902854566,18.5078492066,79.8911704391,1026.9396765999,0,0.0
368,20.9396802816,40.7994444361,2.2325659971,45.827508421,1014.1737660639,0,0.0
369,14.526041788,41.5581177888,8.370780838,96.5817603164,1006.9784911589,0,0.0
370,27.9546631522,64.9427284186,14.124671543,32.8236405564,995.9778917704,0,0.0
371,30.7164228639,86.7002702586,13.4192202925,71.4692646669,985.1177999612,0,0.0
372,19.8189736476,66.9132669386,8.263325238,31.2625474858,1014.3472955982,0,0.0
373,20.8785496629,95.4225339743,12.3102224227,48.0319168235,997.6484017166,0,0.0
374,12.8062498147,88.1002062872,1.9567869389,6.9151390071,998.0643158642,0,0.0
375,21.7864329839,41.0616090404,7.2475515185,4.7423448749,1039.4023023712,0,0.0
376,24.7427954498,78.6252655962,3.6689399809,16.6277159899,1044.9460978347,0,0.0
377,19.2146151532,82.7576062391,6.6399989033,48.5971947453,1004.2345765169,0,0.0
378,11.8839767271,69.6950298426,1.0963165362,84.4281114411,1022.1241800022,0,0.0
379,26.7989285149,51.1545097915,19.2873839986,89.617681625,1001.2876019422,0,0.0
380,32.5787411713,54.2589796543,9.1778974853,30.9449536299,998.3152675846,0,0.0
381,24.8010482818,80.1216744619,5.135132224,82.1012096267,1027.7849309294,1,1.0
382,11.7295664698,62.0900060748,10.6058703492,91.0071639047,1048.3045130644,0,0.0
383,10.6153632007,49.3520527481,7.7657419401,52.595380896,1008.5756584753,0,0.0
384,14.369300104,61.8030108472,19.2972848331,37.3717819337,1042.5888277487,0,0.0
385,25.9492136185,40.7612392626,1.500096796,75.7010135704,986.7724070172,0,0.0
386,15.8156748207,86.342581881,7.1301702078,73.8979971364,1020.784735178,1,1.0
387,23.8661264655,42.7538351446,5.5833336179,50.3615048732,998.4451619635,0,0.0
388,10.2646434897,99.4809864348,16.3310784588,58.3600857851,1007.6782755847,1,1.0
389,32.057091798,96.9725979124,11.7433242908,71.062848041,988.6354722108,0,0.0
390,25.5369600375,96.7055756193,5.7821703986,59.2278687083,986.6613674833,0,0.0
391,16.2103366271,86.9481512192,10.1947788673,53.9144596593,1036.4568932352,1,1.0
392,16.1639234953,30.1373501218,11.3166223154,8.139958627,1001.9879027444,0,0.0
393,29.2645187126,40.6965344815,12.6424162855,8.6920114408,1019.8457864848,0,0.0
394,13.7587439218,98.4890760058,14.5520802131,98.653777467,1037.0756146367,1,1.0
395,29.8424425839,85.5120067037,18.5430087529,74.9282355502,982.1301712173,0,0.0
396,22.5265793209,46.0894669456,15.7116537563,14.78211424,1004.8720159536,0,0.0
397,29.3558422359,72.2818853352,15.853407039,98.2462104411,1013.1999442221,0,0.0
398,32.1670805212,83.1278201183,11.2636248191,88.4982317706,1011.1347535701,0,0.0
399,20.8269362275,75.4488528191,7.356886773,92.6251796424,993.9194239878,1,1.0
400,20.8966231316,85.6676968557,0.6886257159,84.364752026,1030.1480299281,1,1.0
401,23.1094952769,71.4953904084,2.3005612645,93.8216270711,999.8490040103,1,1.0
402,17.9594734167,50.9426153624,9.086054875,67.7488200856,1026.4070902043,0,0.0
403,23.5701617188,57.1725894288,9.8287949412,60.2640967299,1012.0219147138,0,0.0
404,34.9952144529,43.8711649958,5.1825902045,36.6259451085,1038.6338709306,0,0.0
405,29.4794858325,79.9967982396,14.7028464048,53.5269909517,992.5498465258,0,0.0
406,34.1850150436,73.3399978069,12.2902552252,77.2730115995,998.2209414487,0,0.0
407,30.6420205255,48.0174942732,0.0817458945,29.8697845184,1042.9103952864,0,0.0
408,26.5279377877,43.9976610136,16.0762905077,85.5807152307,1034.7885262073,0,0.0
409,20.2906614877,65.0311691547,9.9208412061,2.4970328686,990.7670087495,0,0.0
410,27.4893765056,63.0035801702,14.1591143444,66.9677702832,1046.6129505207,0,0.0
411,17.1893845714,54.2250452031,13.283848741,19.4527151582,988.4566408941,0,0.0
412,20.3271531476,88.8985065725,12.4674627243,43.6663472858,1038.9451854192,0,0.0
413,18.9876975143,77.8289487512,1.9549742639,29.5555222436,1046.138477675,0,0.0
414,21.1119738838,89.2122052839,18.6411408218,63.7724112834,986.3143536892,1,1.0
415,21.1719240987,48.4504349715,12.1509789059,1.3831372462,1048.7684843053,0,0.0
416,13.4225067921,78.3147897063,13.2138162799,34.64506554,991.6446540527,0,0.0
417,33.6639271519,76.7559817279,5.6212869985,4.6403490027,1043.1838444795,0,0.0
418,13.8994482009,93.3078033979,14.6767996188,19.7761140737,981.8046019691,0,0.0
419,31.4694367058,90.4840384255,19.7915412306,12.708861208,999.0147309873,0,0.0
420,21.338567067,69.0355570145,7.113484624,5.8904470442,1020.4135162802,0,0.0
421,30.5183565524,30.4601294355,13.1872359353,15.5488732374,991.4250507515,0,0.0
422,20.5763610042,35.957413568,8.5279383157,8.4800879646,1003.4660990392,0,0.0
423,12.0116795995,84.4228878858,12.4126581238,8.9630134527,1043.2469587406,0,0.0
424,31.5455747994,82.4325547874,12.3578738676,77.5060262476,1009.4659130564,0,0.0
425,11.3382405052,67.759804662,6.4514894524,2.2550746693,1022.1664606132,0,0.0
426,23.6737515461,67.0367942608,1.3636054534,34.5135589444,1034.0390855464,0,0.0
427,30.9486226875,48.2853266892,6.1336372434,62.4080301641,982.8123461282,0,0.0
428,12.0855608861,39.3943463233,16.7109128234,42.7838213365,982.6594858097,0,0.0
429,11.5888443709,74.4974084717,16.8849583373,75.8285193705,982.9238277282,1,1.0
430,22.5597364372,54.5724289561,9.3808529466,10.6639649792,1046.656915077,0,0.0
431,13.2921820454,90.0147979985,9.6997362627,47.1485880909,1013.2371004073,0,0.0
432,10.9172854467,45.9368256875,0.2137304051,68.4680851297,1024.2206807305,0,0.0
433,27.4357193286,65.3070426489,5.9929260844,63.9829153956,1019.3037176586,0,0.0
434,18.2817220073,45.1069355964,5.9933229107,18.0967626434,1012.1000687226,0,0.0
435,33.9858335208,58.0460188183,2.8559773382,34.1772388977,1047.9572987139,0,0.0
436,23.4486444788,40.6779938029,6.0237627257,88.8268961425,1010.3595825673,0,0.0
437,30.0268720064,73.4294773249,5.0355235523,55.3863181466,985.7126546973,0,0.0
438,33.3553499481,94.2603081427,11.857955248,49.8585878865,1030.176153554,0,0.0
439,15.6622819485,56.7073877461,19.2495000811,85.4326887639,1016.9720809749,0,0.0
440,27.15950575,84.7129170128,11.3958748761,79.148185483,1022.958001885,0,0.0
441,19.357404583,65.5956925583,9.1822504645,9.920899456,1049.5283550321,0,0.0
442,13.5454318925,75.3286702815,14.2311450659,34.4000885991,1024.5482424469,0,0.0
443,17.176287998,76.2203642992,6.7511621021,66.3840298414,1001.5534579438,1,1.0
444,11.5888443709,74.4974084717,16.8849583373,75.8285193705,982.9238277282,1,1.0
445,17.3519165596,84.2196496941,0.3089214936,34.9709797619,1003.030826745,0,0.0
446,28.2094749082,86.8655525235,16.5611162066,52.5146137813,987.2447711678,0,0.0
447,10.7064170743,77.1210702843,18.4993098566,14.3576764243,987.324927139,0,0.0
448,31.4281229376,39.8919834857,17.7534400023,49.3437686979,995.9988323737,0,0.0
449,24.8220067695,74.3041978594,7.4958706217,83.6577850664,993.5074972388,1,1.0
450,31.2257158734,35.4845618975,16.2531031553,27.4376733465,1044.2024978126,0,0.0
451,10.0166054648,83.9911677921,4.7406509121,64.2391769949,987.9517914811,1,1.0
452,31.1288521749,47.1944718593,2.6292427318,8.3454334186,993.0342655839,0,0.0
453,14.4083226866,79.2906057611,10.8366714265,24.6738387507,1044.6772285648,0,0.0
454,19.5380551768,67.3006241093,0.1489915526,26.3629642579,1041.7631918177,0,0.0
455,14.989903553,67.9820714084,8.6286778719,59.901378993,998.8414961898,0,0.0
456,15.3849551086,72.9957032139,7.7027537519,54.3472556246,1048.2072849341,1,1.0
457,33.5962714338,43.4712909522,9.5624046387,0.1789790322,1027.7935441623,0,0.0
458,22.6578056006,48.1125472415,3.6546001187,74.5215932093,1025.7276236963,0,0.0
459,22.2973057927,79.5607868049,16.3090362087,8.167300339,994.8292877914,0,0.0
460,27.8342601354,96.9875945697,8.5802742169,22.0639502618,1031.2491050985,0,0.0
461,34.52448502,75.8278966372,7.7689116382,57.8403882309,1045.0849050197,0,0.0
462,23.8109764748,61.1501182363,4.5011014666,64.0503995777,981.6226916895,0,0.0
463,11.2321314768,66.3628202655,11.4231551966,40.4569500534,988.5761481601,0,0.0
464,33.3873190968,67.3576753549,15.7553805705,34.9569743809,980.3510829971,0,0.0
465,25.3692471536,33.6420868404,10.461093762,46.8226911266,994.2812393893,0,0.0
466,11.8902668266,43.6722265661,4.6264357543,97.1431651659,1007.5517003265,0,0.0
467,14.4124847222,46.5837157657,10.5885861685,60.8235496869,1033.5904221685,0,0.0
468,10.9802634803,74.4428365556,0.0545346312,78.5554477555,1019.8977482025,1,1.0
469,14.2793012039,89.8125809312,19.7894693169,95.9346395656,1031.6533496584,1,1.0
470,28.7691215472,49.6494613402,11.9589198927,16.5911420796,992.0630249505,0,0.0
471,14.526041788,41.5581177888,8.370780838,96.5817603164,1006.9784911589,0,0.0
472,34.7662923152,72.8699098793,12.5154719945,88.9397728976,1017.4895478431,0,0.0
473,22.2741596385,35.4940505718,13.3080113948,10.7772828544,987.5184822963,0,0.0
474,23.2891930561,95.9516537432,18.1147588272,89.73936226,1041.1524027203,1,1.0
475,34.6277169834,62.3268251094,14.4656964512,51.7245836411,1046.6063640786,0,0.0
476,10.119684631,66.5770550542,2.8553863339,57.6287031557,989.6639688182,0,0.0
477,22.1602612222,48.3524964906,8.9731828834,66.0796787165,1014.1991415925,0,0.0
478,23.9512809164,67.9109262496,3.8223445421,48.8285356539,992.4792319355,0,0.0
479,14.1858954865,76.3740760428,12.6285827655,56.8229707988,1047.8396614407,1,1.0
480,33.8766036343,59.5905534743,6.2789883318,91.6124221689,1010.642484149,0,0.0
481,11.7759014549,96.9600089101,6.3775670642,47.3318695659,1046.4042876129,0,0.0
482,19.0450309792,70.7645891092,15.1468027325,98.4593260564,1005.1011285883,1,1.0
483,13.9961321714,86.9480575499,8.8329230475,68.1433499081,1046.0344643027,1,1.0
484,27.0455074776,38.4271175916,11.3029467721,80.5606916157,1039.7254222827,0,0.0
485,10.8566760088,99.4974075458,13.8857229348,28.3075666345,987.2311878321,0,0.0
486,22.5597364372,54.5724289561,9.3808529466,10.6639649792,1046.656915077,0,0.0
487,11.3584497085,85.1226535427,5.4429174258,7.7469127826,1001.1961767524,0,0.0
488,20.5058384118,60.3029292759,4.7825499591,2.0966770378,1014.6087308209,0,0.0
489,22.3486313916,54.479852931,12.9171856153,12.8865354751,1033.5886522846,0,0.0
490,14.9263570046,90.6090631885,8.8833487542,10.4748548278,998.4580961499,0,0.0
491,25.3216688279,82.3167247091,1.178446447,86.2019699605,1006.22041072,0,0.0
492,28.5024381404,51.5575983954,5.2687191039,15.380318695,1006.8787042408,0,0.0
493,14.9723054442,38.1117231073,19.8337267952,90.4267097423,1031.4007805036,0,0.0
494,26.014114838,64.4448733408,15.3722512168,31.8341431565,1016.7145024195,0,0.0
495,27.6717952355,45.1285413699,3.7440661761,1.4322947415,1049.5564789725,0,0.0
496,33.9923909757,69.7870218775,3.3893597313,42.1756260488,995.4500712094,0,0.0
497,17.256201064,83.7981946373,18.5353857972,92.1565483095,1048.3739055385,1,1.0
498,10.4260179512,94.7152875322,6.3032790406,47.8316574126,1018.4348801278,0,0.0
499,10.3901516112,38.1516596765,12.6746392908,16.4585180124,992.9254451376,0,0.0
500,28.2118491385,52.802810519,8.9645158199,31.6476386729,1027.4624486788,0,0.0
501,18.3286288007,30.3536309004,4.2338728323,15.9846057968,1031.9000026674,0,0.0
502,13.0069336245,38.7795316641,16.2601350683,14.6508191302,1012.7051451926,0,0.0
503,12.5073485566,71.5681068866,19.2944565294,65.7287462692,990.9645435896,1,1.0
504,16.1222369855,60.9691070772,9.4833012035,11.1202924575,996.1536212706,0,0.0
505,29.4509711731,80.5585064496,9.1782201354,44.6153641675,987.8824536101,0,0.0
506,24.7746041331,57.7978393697,3.5603517091,3.7359963506,1009.5340825912,0,0.0
507,34.0867498686,45.2407275568,11.0442455387,75.113835116,1021.2196401124,0,0.0
508,33.903078989,79.3277421782,3.0105013931,97.2598119528,985.372537904,0,0.0
509,12.739242301,37.9763097394,18.5311453126,44.3064332619,1012.5956202685,0,0.0
510,14.6408986076,83.0855847169,10.6538830679,10.7645249363,989.4238835265,0,0.0
511,14.6379474381,92.6707785728,12.0710204048,92.0859192777,1007.7473998053,1,1.0
512,28.9746138688,58.6182106269,13.5315154025,67.9763879048,1025.7896144076,0,0.0
513,33.0527865442,35.9980112311,15.7027238965,95.9287690531,1037.3488847412,0,0.0
514,22.018534929,70.9951594975,3.5043222026,81.6409626006,1018.4331581378,1,1.0
515,16.6162399501,76.6064924156,12.4235861199,71.8197723628,1015.5656561953,1,1.0
516,18.4773647119,40.9491727957,4.1833831085,53.5903468797,1017.19706444,0,0.0
517,23.6407231143,53.0652531233,0.6488550205,44.5060037434,1037.3248175096,0,0.0
518,13.5227441041,43.7709492136,19.8423426991,37.6594746008,1015.4193161288,0,0.0
519,22.2946008909,89.9325423364,12.5992141496,51.6295799124,985.8460296838,1,1.0
520,33.309848474,99.1598389727,9.4927484542,79.034576898,1034.0233518387,0,0.0
521,20.3565748629,86.48659013,19.9991322552,13.7914110417,987.9017169099,0,0.0
522,19.9253416694,46.5518999211,9.8827295656,37.8679650592,983.7529151529,0,0.0
523,12.4461121124,31.5412585221,12.3507068581,48.9731464766,983.3332717027,0,0.0
524,15.2460937244,70.2777628163,15.1268496148,17.1195277362,1003.5336861835,0,0.0
525,23.2020481977,68.9947245679,6.6084502413,51.351139835,1046.0274566993,0,0.0
526,28.9194660684,47.0756452658,18.7873538958,97.7933189105,1008.7223780569,0,0.0
527,32.0275799278,36.4879634511,9.0389802074,46.7847241369,1007.5934330324,0,0.0
528,19.9014925702,41.2636857055,3.5906280639,98.0952404921,989.3040525935,0,0.0
529,31.1826922083,48.7480257436,16.348359004,62.1031724823,1039.8621681122,0,0.0
530,11.0726547601,75.3699029833,18.3136831894,99.2326891073,1037.6026009153,1,1.0
531,27.1233609671,52.2929870746,9.2633539981,48.0179925068,1028.1419887848,0,0.0
532,20.6672853046,71.1471489882,1.8426134066,20.2907763832,993.4945717092,0,0.0
533,12.7446114516,80.1882551087,9.9999567266,32.858180877,986.7507357656,0,0.0
534,10.3919029012,84.3811617904,12.6831281405,8.8663406695,985.147574688,0,0.0
535,11.6518565963,66.3729574435,4.0897806162,17.5009903968,998.8864400548,0,0.0
536,25.4620064878,83.8140556138,17.7063899272,41.5732127238,1023.9267300006,0,0.0
537,20.513486667,37.3493517514,14.6581056219,29.9170272753,1013.1029158019,0,0.0
538,19.5008644006,34.7862668363,15.140360334,52.5502719864,985.1245921488,0,0.0
539,18.7047985687,98.3092489321,2.8286441903,79.0733107723,1010.9011763272,1,1.0
540,23.5951487519,51.6334709509,2.2710621415,24.0780778463,1018.4802631344,0,0.0
541,12.4112715174,31.6189870673,15.2221671947,28.4513695569,1049.5117933974,0,0.0
542,10.0516158894,30.573939841,9.5175212533,54.4505768842,997.6301250847,0,0.0
543,27.8763149366,36.6766246395,0.7600897596,60.8633859888,1019.8646825227,0,0.0
544,11.7149208688,58.387926323,8.9265211689,35.9898381792,1043.1651603739,0,0.0
545,34.4831134316,63.7868926923,7.8531666265,88.5834279283,1022.074177333,0,0.0
546,17.3222141257,55.6486930212,0.0113923483,41.6756624493,1016.6907502786,0,0.0
547,24.4307147151,50.1844043715,13.5836466541,37.5101412998,1024.1042349343,0,0.0
548,34.1643776731,53.5872928742,1.0898032428,78.0665999429,993.0455759909,0,0.0
549,22.3090351673,84.137897736,14.5695690417,75.3128728258,1001.6402202619,1,1.0
550,32.0510352557,55.5831467728,3.7064227746,97.3256241932,997.8669324782,0,0.0
551,16.4514803135,57.783387713,5.3812630737,36.4206971276,1030.6062526462,0,0.0
552,31.5455747994,82.4325547874,12.3578738676,77.5060262476,1009.4659130564,0,0.0
553,29.8864131694,41.2213651918,14.2319633445,92.8813711583,1007.0610606673,0,0.0
554,34.895382324,59.5931085122,11.8987606155,25.9776748818,986.951540081,0,0.0
555,22.3742904853,55.5691460363,17.0021490647,78.0188658889,986.6432599204,0,0.0
556,33.0689152556,73.9542070237,13.7805804816,3.410418998,1035.8648732164,0,0.0
557,23.4285104771,61.2910898289,14.5175287814,81.5754143852,1029.9414356031,0,0.0
558,31.8570693738,56.66188423,2.676265551,47.9741375611,989.5004193895,0,0.0
559,21.1719240987,48.4504349715,12.1509789059,1.3831372462,1048.7684843053,0,0.0
560,24.3986623889,58.0357324507,6.8432416517,2.8163609753,1023.7960865133,0,0.0
561,20.7600609877,54.4043260978,1.0159527981,37.5553028454,998.9510977818,0,0.0
562,16.8573925961,57.8902199232,3.9847581498,76.5016869172,1033.0516496079,0,0.0
563,24.5062041643,36.4129695573,7.3165420654,0.8721297412,1040.7227616978,0,0.0
564,27.4357193286,65.3070426489,5.9929260844,63.9829153956,1019.3037176586,0,0.0
565,28.4887698762,30.4157127578,9.8612238189,51.7682793516,1017.0918540601,0,0.0
566,32.371743505,89.6318750392,9.8480139075,43.9718282029,1039.6910429992,0,0.0
567,12.7619277748,60.328537645,9.1858772017,45.2831047837,995.6685862432,0,0.0
568,24.3062976448,90.3516386929,15.9494388689,11.7947682958,983.6020017642,0,0.0
569,24.7039417623,73.7010040098,18.5964179335,39.7110273525,1019.68921553,0,0.0
570,33.2322854326,58.0588107908,19.8110346766,7.1075120998,1020.7995887664,0,0.0
571,14.9213013666,71.9877208328,9.5735556722,70.0207263996,992.806042813,1,1.0
572,12.7420765528,91.7536205652,17.6378114071,56.6623123185,1032.4078058493,1,1.0
573,12.6208551813,47.6658519592,15.8997229021,74.8003620419,995.7901338444,0,0.0
574,24.2468037829,93.6548578725,5.5691919078,53.6256123994,1013.6552936546,1,1.0
575,29.3558422359,72.2818853352,15.853407039,98.2462104411,1013.1999442221,0,0.0
576,31.2257158734,35.4845618975,16.2531031553,27.4376733465,1044.2024978126,0,0.0
577,18.0004287706,71.5062423606,8.7126425938,76.4665409205,999.1649019164,1,1.0
578,31.9170473056,95.4331940035,9.5421446283,45.8191625395,1004.509461947,0,0.0
579,29.2447255169,69.2358330433,9.3062044843,10.6063612159,996.2535451484,0,0.0
580,15.4114315236,64.5864769592,12.0864981165,47.5181934284,995.4541507992,0,0.0
581,20.0356987326,86.7963928211,4.5734460949,4.8076096154,1009.0690307692,0,0.0
582,31.331149404,55.8456329519,13.0518323758,29.4975459384,1038.6461318086,0,0.0
583,27.5494398792,52.5438099155,4.6570581831,77.8596823199,1010.8133558851,0,0.0
584,15.025137042,52.5107808015,18.313828307,53.8608910408,1031.8843606845,0,0.0
585,31.7524947574,73.080287109,2.6078339091,41.6201286149,1040.7760155657,0,0.0
586,18.5525968801,77.329805727,16.5903328112,68.2260154507,982.5555591897,1,1.0
587,32.1155514211,64.7902611618,19.0881028777,77.0716771953,1025.3141139096,0,0.0
588,21.3861037363,68.2292924543,3.5816703681,94.1300889261,1035.5425532422,0,0.0
589,20.0356987326,86.7963928211,4.5734460949,4.8076096154,1009.0690307692,0,0.0
590,25.512497507,38.393249713,10.40345586,32.522514099,1002.0879543549,0,0.0
591,12.132773078,75.6579854484,9.1626502201,17.6870178651,986.8681194266,0,0.0
592,24.5579933263,99.4524254689,8.3235566445,30.6009038052,1043.2715798566,0,0.0
593,27.8574961573,38.408872077,3.0311425049,4.413780819,1010.262522965,0,0.0
594,19.4351643147,94.6262285983,9.1142263904,38.7614080674,1026.2091374317,0,0.0
595,19.4566954276,56.9828738631,4.6212651299,68.1543650416,990.7255521507,0,0.0
596,32.5091862901,58.327588204,0.3867249599,93.2096479781,991.0242813706,0,0.0
597,15.42242461,95.7366996685,3.6696021701,1.27386016,1035.0955750215,0,0.0
598,17.8683193,53.0066196345,14.8915100217,41.0869515974,1003.0097086369,0,0.0
599,34.0401528902,36.8697127681,18.7820534339,1.2119398988,990.6800245731,0,0.0
600,11.3356795447,97.4624199985,14.3259218475,68.1125054091,997.2669322869,1,1.0
601,19.138475703,39.8790029113,12.1067562246,60.5308410588,994.1193023728,0,0.0
602,20.4371593699,78.2229375171,11.1450008793,69.3117019139,1036.4088421082,1,1.0
603,20.4527302937,97.6677391161,5.0368894256,15.0044282649,1047.2348378482,0,0.0
604,14.3818879891,65.170223437,1.8212747446,42.5759392271,1008.7001098613,0,0.0
605,24.9895336593,59.2282353908,4.5644206301,66.3370034769,1045.0119709295,0,0.0
606,17.2916533356,74.8031881866,10.21406725,7.4113546807,1034.1930281009,0,0.0
607,16.047542605,56.5465028119,4.0175610389,51.7842342646,1046.4302139213,0,0.0
608,24.1667334841,34.0366897418,7.9361176476,32.7245656978,1045.5187754682,0,0.0
609,34.2301467929,49.5070435917,2.4420283735,26.9847187616,1027.7190827662,0,0.0
610,27.5494398792,52.5438099155,4.6570581831,77.8596823199,1010.8133558851,0,0.0
611,34.5856560565,41.351961116,17.2006027559,76.1964602042,1045.5689375505,0,0.0
612,27.4432100446,37.9367799862,19.9467262076,16.3795594584,1047.409698048,0,0.0
613,14.2419528894,66.4501195673,7.9825468334,41.4001580565,1039.7416660141,0,0.0
614,10.2311998556,36.5411819118,13.3022757265,91.1777505213,996.5700408666,0,0.0
615,12.9330120096,76.9496970872,13.3974681038,54.7753178569,1011.8862125491,1,1.0
616,25.6938929041,78.6110372112,5.9759362849,88.8697651639,1046.3244586977,0,0.0
617,23.3023102293,86.1568582563,4.2206324447,37.2037672527,1019.3237793677,0,0.0
618,25.9597526444,70.3725548188,10.5354500415,47.4314931591,1014.2392843125,0,0.0
619,10.5809156677,65.5473347294,14.8789685597,26.4953952095,1010.7447747676,0,0.0
620,23.2775942742,44.810894108,17.1345721552,67.8570762062,1037.7905998726,0,0.0
621,23.8109764748,61.1501182363,4.5011014666,64.0503995777,981.6226916895,0,0.0
622,19.3542495084,53.5286160456,11.6025049236,71.2689777162,989.760629716,0,0.0
623,34.3696815184,71.8512671268,16.6295229602,91.9806755749,1024.847939919,0,0.0
624,10.1971025877,96.7037593627,19.3858757374,98.2865838557,1038.2986882543,1,1.0
625,18.7984060124,83.7852800868,18.1288992845,23.0161577655,1016.2350051922,0,0.0
626,28.7275151662,52.652838106,2.4627562852,88.2432388489,1021.0996369888,0,0.0
627,22.0260612027,40.5447338383,14.8569476196,69.4505589176,995.2321588917,0,0.0
628,31.9593123845,94.9745876031,0.1418484901,84.6625167156,1023.2274643963,0,0.0
629,13.2005217613,80.9990420474,16.8269184073,71.3364059456,1015.3536658918,1,1.0
630,19.0278359161,69.4848664281,12.7148796679,85.9617454519,1001.132255426,0,0.0
631,24.5318218159,61.8432990899,5.5416533819,47.7169408304,993.7769963615,0,0.0
632,28.7755412214,32.4876930774,6.0482617297,78.3060526993,1000.9933750073,0,0.0
633,18.4773647119,40.9491727957,4.1833831085,53.5903468797,1017.19706444,0,0.0
634,11.7023274811,36.0766031301,5.5936934358,14.9142785807,1001.0945058488,0,0.0
635,19.7083291619,71.4398664811,5.6083576562,2.5458097763,1023.9568039069,0,0.0
636,34.5747527489,49.0428237504,11.3355561369,5.944802089,1028.8577866104,0,0.0
637,33.3140300964,54.6056706783,5.7111443216,5.6515625093,981.8212441159,0,0.0
638,29.1140493589,53.4181065066,8.9592074111,67.4678823677,990.9483592543,0,0.0
639,11.3433386838,66.37105086,5.5995647121,79.1839192093,1047.1454429045,0,0.0
640,16.9335067826,97.1020902403,11.2963151739,41.444709742,994.1233520909,0,0.0
641,33.3461590368,80.476252146,13.7898036285,57.2553025608,1032.9062104593,0,0.0
642,17.9135639973,67.9754090004,1.9559853344,62.098822394,1008.886519382,0,0.0
643,12.1782324925,67.2124072676,11.8443654997,6.0997035636,1003.2915258769,0,0.0
644,25.2290316089,60.895033596,1.1519901255,56.4493170772,983.6657569496,0,0.0
645,27.6602644417,68.7727154077,13.767715108,0.5162746041,1033.0903165468,0,0.0
646,16.1921255623,81.1475346647,8.8709288312,83.298794578,992.7505771174,1,1.0
647,33.0789755293,81.0006496777,5.7448797715,86.9339781276,1026.7765760026,0,0.0
648,24.9046111695,53.2452044919,15.32176505,14.4800668423,997.1824525123,0,0.0
649,23.8441518427,90.1160867649,17.8985582728,3.8282619479,1023.3746726324,0,0.0
650,13.3868516056,84.2362700013,9.0345342051,92.0543242221,1007.2843303943,1,1.0
651,33.6842647622,42.4401608741,9.0662050921,15.1023307393,1017.058749964,0,0.0
652,13.6460291468,65.0244120214,18.1122532506,71.7069950997,1020.6211781364,0,0.0
653,30.8911509396,59.0182632071,4.1303737758,90.9050607608,1008.9291479994,0,0.0
654,10.2646434897,99.4809864348,16.3310784588,58.3600857851,1007.6782755847,1,1.0
655,32.0474125774,63.362274613,15.5318448305,88.5282063623,989.9052694581,0,0.0
656,10.0166054648,83.9911677921,4.7406509121,64.2391769949,987.9517914811,1,1.0
657,24.7477494089,69.9032814665,2.9308092311,53.0871419025,1040.9624385641,0,0.0
658,29.1331313452,62.3230340827,5.3453407856,50.5362510584,1035.5213393772,0,0.0
659,23.3627235001,35.4678222098,11.3920822272,89.485496461,1034.1526604735,0,0.0
660,10.8236362133,81.5130892769,1.294796175,56.9288654921,1013.4910127546,1,1.0
661,10.5809156677,65.5473347294,14.8789685597,26.4953952095,1010.7447747676,0,0.0
662,18.6337920174,96.7744326693,9.6165900876,43.762089412,1013.173328814,0,0.0
663,22.9550178483,82.9735924138,14.3630031485,68.6990957055,1039.0854155269,1,1.0
664,24.4148769341,54.3356217734,19.5866879213,46.7618599782,980.0238603731,0,0.0
665,13.3868516056,84.2362700013,9.0345342051,92.0543242221,1007.2843303943,1,1.0
666,33.2404684862,33.7251465413,4.9043512522,6.6657366116,1010.985974294,0,0.0
667,22.2110616683,87.2335903424,19.3985318383,4.9321543556,991.2883304588,0,0.0
668,11.8456570391,45.0154679614,19.3413249288,72.5704104636,1031.3100806371,0,0.0
669,21.4264690333,73.4999381146,9.6779279366,4.4740597832,1019.0398162047,0,0.0
670,12.9139653107,41.4304499417,2.4185423594,73.5968470977,1024.4440626406,0,0.0
671,12.1052816178,93.6309433742,14.1984368149,87.3613007494,1012.9259852125,1,1.0
672,29.8424425839,85.5120067037,18.5430087529,74.9282355502,982.1301712173,0,0.0
673,22.4608696466,81.6947150766,4.5783107006,22.7941764785,981.3156569973,0,0.0
674,13.6850025628,82.3902759148,6.9747782833,11.170953741,988.9461523115,0,0.0
675,32.9469154248,48.5855405494,10.7779950754,11.753796252,984.4563052242,0,0.0
676,34.9631644427,75.5274223556,6.8017344047,11.6597237079,1025.4552738751,0,0.0
677,14.4251445392,81.2015174411,10.2746540685,47.8216136987,1010.7913736818,0,0.0
678,16.758197631,87.2790942353,11.9228667362,33.4544151078,998.0211204865,0,0.0
679,33.4603005424,43.9792749739,13.9304574543,91.7754472807,997.8315691761,0,0.0
680,32.4740273057,35.3062984184,13.337264082,53.7990372263,1034.7756996346,0,0.0
681,30.7474342151,82.3303454555,9.3422342076,7.6002894637,1024.9363841182,0,0.0
682,23.6407231143,53.0652531233,0.6488550205,44.5060037434,1037.3248175096,0,0.0
683,34.8166748366,47.467922321,9.7993926301,49.3882465713,1045.8207699884,0,0.0
684,27.4893765056,63.0035801702,14.1591143444,66.9677702832,1046.6129505207,0,0.0
685,10.9282400973,79.3201602099,16.9387548326,20.9394321429,1006.5275838333,0,0.0
686,17.8857087731,38.0596495124,1.4289775598,41.2147649223,989.7191769107,0,0.0
687,17.2478362398,86.8529780127,12.4946058327,94.106374759,983.281097345,1,1.0
688,16.6476406834,87.2640177583,13.5717561387,65.4832523106,1036.8319966025,1,1.0
689,19.5766589891,40.6792799891,4.5688327659,55.0267582625,1038.8323002835,0,0.0
690,18.9356162899,77.7367192027,10.653981492,2.5794480999,1010.3968076755,0,0.0
691,26.9848193375,39.5404634568,3.8712821874,45.9535741611,997.1978959903,0,0.0
692,19.4494118496,66.447994332,4.3797399401,30.8106136751,1046.2838021786,0,0.0
693,22.2946008909,89.9325423364,12.5992141496,51.6295799124,985.8460296838,1,1.0
694,25.0945725961,73.1682689413,16.0033575682,99.5391041992,1014.5346740716,0,0.0
695,11.7018518494,81.9590098461,10.040490568,94.0496809763,1003.1561644475,1,1.0
696,23.8145333128,33.6800059943,7.8601843677,72.7201097391,1007.7111815149,0,0.0
697,32.2066260136,53.4468178353,0.4753626439,78.0917139621,1049.4277324135,0,0.0
698,27.4432100446,37.9367799862,19.9467262076,16.3795594584,1047.409698048,0,0.0
699,33.5359822921,76.7334048219,14.3198920856,6.9978751069,1020.5288332143,0,0.0
700,18.1735562444,70.4278497505,1.4188773542,28.1288182678,1025.3539128804,0,0.0
701,17.5393704169,64.9047546918,1.2006572059,94.5007834044,1043.4058886929,0,0.0
702,12.6825257879,88.8877844821,2.4077671674,6.686067487,998.0436315572,0,0.0
703,23.3677043604,93.7536597322,7.0615195006,78.7697673252,1042.8650202464,1,1.0
704,22.8909586663,65.8264592046,7.6622855033,17.4788771301,1014.2184577275,0,0.0
705,29.4777748505,46.9824560068,10.7871767286,40.6240592089,986.0138854264,0,0.0
706,30.5253798781,60.2076404827,1.7760931301,47.2773807286,1014.2278484418,0,0.0
707,29.3625238721,41.4313122544,3.011027433,37.0140885527,1027.446510844,0,0.0
708,18.6864917029,93.4742186041,12.7993474195,41.6806377935,1041.24090014,0,0.0
709,29.7940355295,78.0180672948,16.5941538203,36.3413875399,1002.0207066086,0,0.0
710,15.818603232,55.819443574,12.542572461,0.0306537211,1033.6511276215,0,0.0
711,19.1419083281,60.8248578553,5.5221942943,78.4554488041,1021.9185560894,0,0.0
712,13.9095837217,57.2696793931,13.6480399271,28.1530911445,987.3368803796,0,0.0
713,12.7041381119,60.6796862948,2.8085036915,48.5819898267,1037.8213585333,0,0.0
714,19.4097288799,57.8367063752,14.673612617,58.7466240477,1030.5030211323,0,0.0
715,28.4648055311,99.8147576751,15.2528558991,88.1306992929,1014.880207013,0,0.0
716,20.0314875201,32.9005292213,14.8547693429,62.3092178364,1033.8733652651,0,0.0
717,14.6337146745,62.1194847432,16.3386966094,85.3227823411,1010.0156606977,0,0.0
718,30.1219612139,90.7396977934,12.7243106678,78.030462933,1004.8122679746,0,0.0
719,27.0128620286,60.0626609608,1.56134945,51.1220136747,1044.7676326621,0,0.0
720,34.7093459515,91.8677812511,9.922193132,44.5413315431,1043.4199296453,0,0.0
721,31.3401510574,94.4340983186,10.2737843305,60.3215856562,1037.3093063447,0,0.0
722,25.8496730326,84.4448286632,2.8942457356,2.9745050677,996.0208717156,0,0.0
723,29.786343249,68.7983269006,4.9317127913,68.4105706792,1030.8307476712,0,0.0
724,24.7079278388,46.282131422,3.4198529194,11.8794029781,998.9656095408,0,0.0
725,22.6715739622,43.0264911916,12.0013805461,71.9736391512,1032.2330567697,0,0.0
726,30.2984640423,48.6041410832,2.1783586999,9.1754844604,1043.6140481816,0,0.0
727,25.8212414229,40.2156105739,1.9478245173,76.1150749638,1030.6511493752,0,0.0
728,20.3661037294,53.1706131413,6.2459723415,72.111852892,1004.6308334571,0,0.0
729,11.2321314768,66.3628202655,11.4231551966,40.4569500534,988.5761481601,0,0.0
730,23.5345198439,84.8858132482,2.5984973323,20.2737414575,997.4781631147,0,0.0
731,33.9791650759,35.1650888185,12.4613199917,36.0952860794,1047.9199949809,0,0.0
732,17.2099624333,61.1145606351,8.4560573096,0.4891214783,1042.2570926225,0,0.0
733,20.6350431339,92.0553608573,4.028337219,75.363678492,1020.679319634,1,1.0
734,32.5168809702,70.7774900082,16.6756093358,46.9662509707,1037.6189820974,0,0.0
735,15.2437487414,40.456333626,11.5368156728,53.7962891492,985.0263442273,0,0.0
736,15.496519416,74.2238580315,6.9326415938,43.6499292379,1007.1006386867,0,0.0
737,20.7499195118,77.0061007663,15.8113940137,28.2369900369,1048.4217944439,0,0.0
738,24.2104760717,47.8609236684,3.4610388236,93.1015242697,1045.1545554304,0,0.0
739,26.4329729154,69.9807077813,19.76842866,8.805002693,1009.3115470881,0,0.0
740,14.6408986076,83.0855847169,10.6538830679,10.7645249363,989.4238835265,0,0.0
741,18.9001814909,43.6395242395,18.5087451898,24.8831448511,1017.6091716129,0,0.0
742,17.9958472346,62.0102377755,5.8677561404,32.4599662832,987.5394231438,0,0.0
743,33.3958020054,85.9811090266,4.1537827064,76.2278855204,1037.5972421532,0,0.0
744,33.632538337,75.3927850634,5.8983435494,52.8551802987,983.4997193988,0,0.0
745,18.826874013,74.441579394,3.3868329879,36.4462223559,1008.0252679667,0,0.0
746,20.7960662662,39.8680688794,4.0060357334,65.7822463384,1011.6237331803,0,0.0
747,18.1930100389,87.7711832284,12.1051111199,32.9278822115,1027.784864126,0,0.0
748,32.7068271604,90.6254300619,10.5794366312,22.1652279634,1007.9486537756,0,0.0
749,27.0820333887,79.103342708,14.4218510336,58.782424455,1040.0896702091,0,0.0
750,30.9556761113,40.9769114625,9.294113416,61.5621435058,1043.4977536125,0,0.0
751,11.6649083059,65.0885395478,17.462622649,83.4392327373,1006.319857819,0,0.0
752,32.1255462803,46.8246337294,0.3879596747,88.5839862653,1048.2202774182,0,0.0
753,16.4514803135,57.783387713,5.3812630737,36.4206971276,1030.6062526462,0,0.0
754,20.7528996094,39.4358526306,3.4597135451,83.7110039699,1025.5377814433,0,0.0
755,34.5145033197,88.6956013565,7.3463723115,43.0546681546,1026.609207559,0,0.0
756,29.7931259521,81.3176512693,16.9260987339,93.9232941714,1029.4026903671,0,0.0
757,26.2383556044,73.857464739,13.6743515058,0.993838523,1036.0904249844,0,0.0
758,29.336366788,32.7160430439,2.4723870397,95.5705340677,1030.0423864183,0,0.0
759,15.6840612269,76.7708221659,7.336447288,86.3222112055,1048.5080541881,1,1.0
760,22.690888681,30.6472974886,9.4531016005,89.7388817843,1041.6634308774,0,0.0
761,27.7308440988,52.682990083,5.2696933846,37.7302704072,988.4683129892,0,0.0
762,15.7648659165,56.7022196129,2.1765816387,73.2488860531,988.7127629663,0,0.0
763,27.7192597735,33.235848033,12.0189557905,48.7428875856,994.2769702889,0,0.0
764,14.4070410035,84.3070393434,1.2418119497,34.4721768912,994.756454831,0,0.0
765,29.336366788,32.7160430439,2.4723870397,95.5705340677,1030.0423864183,0,0.0
766,25.4469172979,91.7278733591,17.041329214,40.522805251,1013.2153113849,0,0.0
767,28.3035554785,98.173207063,15.5230877468,37.8983041311,999.6425353032,0,0.0
768,29.3625238721,41.4313122544,3.011027433,37.0140885527,1027.446510844,0,0.0
769,34.6277169834,62.3268251094,14.4656964512,51.7245836411,1046.6063640786,0,0.0
770,23.5919513457,96.9304883887,14.5118258362,16.7031964858,1044.2885372159,0,0.0
771,34.2052942833,76.8239800173,11.3018914556,26.7625488277,1010.8977109495,0,0.0
772,23.7211582117,44.0076541431,10.4630745151,63.7448571696,1016.5534225059,0,0.0
773,23.3608007041,76.2490670304,3.4226920822,29.850617902,987.4048326232,0,0.0
774,20.5913699835,96.8588224131,4.643920926,47.6764442789,980.8251417427,0,0.0
775,28.6708452734,33.1261177052,11.3716216379,74.7289348987,1010.5075717245,0,0.0
776,29.4187417262,75.5223285027,10.2391209287,81.930508517,983.2790487792,0,0.0
777,19.3515656252,46.4509493425,13.5624466523,73.2365168198,1028.2086567417,0,0.0
778,31.1341129667,39.0481683068,0.0461919211,35.703639795,988.0605153376,0,0.0
779,16.4028448755,46.8183540806,4.4386831276,80.1575596068,1015.3490797237,0,0.0
780,20.4172939227,85.162475809,1.8664703463,77.0415871948,987.8508523209,1,1.0
781,24.7274589782,51.4175329133,1.8880067705,5.7940420063,994.1094681344,0,0.0
782,16.552953731,85.5281514238,4.7885478808,48.971064503,1025.4161616248,0,0.0
783,32.4358331682,49.0247394038,19.1384722133,38.4832712452,1032.4111157459,0,0.0
784,23.9602506636,59.9619410353,17.5033095228,49.8959904228,1014.9316366994,0,0.0
785,29.6014653617,52.5207093949,13.859806274,24.3118122662,1007.1424647218,0,0.0
786,28.2456908882,87.7403171611,12.8737829417,53.1209298336,1026.6957453314,0,0.0
787,23.8798470581,46.0554729783,14.345191504,8.7681961824,1020.9496679227,0,0.0
788,10.7606628834,54.4747556983,6.6581776578,51.3404502812,1024.0822937851,0,0.0
789,24.9578992341,57.6628678751,11.0857767858,92.0080544943,995.8213445833,0,0.0
790,30.072334289,78.3917616848,11.2324940614,26.8483575599,1045.94796045,0,0.0
791,10.7606628834,54.4747556983,6.6581776578,51.3404502812,1024.0822937851,0,0.0
792,23.1928681393,81.1172954327,9.2927994014,15.0606289373,982.1561813359,0,0.0
793,24.5419960787,78.2507342177,15.6097507595,56.96441659,1001.7472772465,1,1.0
794,22.9988093643,95.5803977892,18.6256396824,77.0754380438,1016.2032992068,1,1.0
795,30.1281871302,38.3949308135,3.6304461059,88.752227516,1037.5683737821,0,0.0
796,20.5227533934,50.8989721428,11.6606757952,79.6664954681,982.901532587,0,0.0
797,17.3972994094,44.8106962575,9.9840421807,6.7912039055,986.6701511123,0,0.0
798,32.1576166522,56.7495018142,19.1781384921,32.7240711539,996.5236513317,0,0.0
799,10.4865616827,59.5283524797,1.0760113035,18.5953347554,1011.6224101574,0,0.0
800,28.8522591562,69.8698393879,18.2463252241,39.3184627584,1000.1322423754,0,0.0
801,13.8994482009,93.3078033979,14.6767996188,19.7761140737,981.8046019691,0,0.0
802,32.4912925832,40.3553263235,0.8852123563,36.8215334268,1029.1044444265,0,0.0
803,29.7136378077,31.2423571343,11.8033436063,55.1677585897,1041.0028256841,0,0.0
804,12.8017970219,32.9767561268,18.2761645474,5.8391982814,981.1728432896,0,0.0
805,32.8715771958,99.4642873624,7.2159084572,77.0625811767,1046.2698350581,0,0.0
806,23.8915656318,43.2671301064,19.5045447432,70.0800131822,1024.0675972831,0,0.0
807,29.5132294072,90.0878693833,3.5203042356,0.7866902524,1040.7130729052,0,0.0
808,21.0065938207,88.7320458171,3.6334652301,2.778948798,1005.5461629738,0,0.0
809,12.6156972186,38.0284767813,0.009819276,2.579116349,987.3472654133,0,0.0
810,25.3045218268,67.0239807561,19.2205387472,48.3228996869,986.8287773582,0,0.0
811,27.0581644766,58.6942628873,18.2064774964,26.9697920827,1019.8125175771,0,0.0
812,30.4605540545,37.0236133881,1.2378667298,99.8294696291,990.5460984438,0,0.0
813,25.3899304777,92.0455729666,0.1258490545,69.5124850548,1027.4167855281,0,0.0
814,16.9084288184,96.5134727751,19.8294221487,48.7732869694,1008.3993426388,0,0.0
815,20.3714217333,64.5045224998,12.7483806843,0.7486740576,988.5822744769,0,0.0
816,13.0794912214,42.2954380999,4.7408172041,6.5924453695,1023.7958963112,0,0.0
817,28.9548429088,88.6041418926,3.9376938213,21.7280839869,1040.1908921474,0,0.0
818,33.8761670252,89.4872340132,7.801160746,7.0257249139,1046.1693491473,0,0.0
819,16.3485410649,72.6355521225,12.2000217234,42.0625817824,982.4090623021,0,0.0
820,32.0266653169,48.1827553412,3.4538659989,55.7242237819,1035.6487166956,0,0.0
821,11.8118481062,42.3482383663,7.9651855601,57.3804308417,1017.2897816145,0,0.0
822,27.8797341593,46.4897040353,5.9524835933,4.9900529275,992.6141895121,0,0.0
823,11.7510547536,42.1857757738,11.5485725012,65.3738267894,1027.9752158715,0,0.0
824,23.4249722761,43.1086568382,4.9068176343,90.2511052586,994.8486879586,0,0.0
825,30.8911509396,59.0182632071,4.1303737758,90.9050607608,1008.9291479994,0,0.0
826,26.9454134199,40.2163523127,15.407517726,60.805497945,1020.43751891,0,0.0
827,19.2979687128,50.5231103401,19.7388155426,22.7235392406,1010.8146871302,0,0.0
828,32.6968898589,90.3146406236,13.5726123427,60.6817021439,1034.5268211011,0,0.0
829,34.3410379564,77.0311219925,18.4341355586,92.1122189899,1005.2868825697,0,0.0
830,16.1497651489,95.762988044,7.3312223083,12.3925143644,1035.329792736,0,0.0
831,14.7641728735,96.5625177259,15.5071059285,1.7022276385,1009.3696062844,0,0.0
832,17.3255071127,38.7841948065,16.8670963095,31.6583948687,1041.0075897962,0,0.0
833,12.3112045062,39.8058583615,0.5206044935,57.1152702008,1009.1622656282,0,0.0
834,34.4114866253,61.807040867,13.9102166762,82.2732065671,983.9870859294,0,0.0
835,16.0073080008,48.3775581555,2.2503524133,7.7611359111,989.9642688839,0,0.0
836,23.2078781764,36.6991187066,2.9668601895,46.0885536738,1041.4919600017,0,0.0
837,10.505459936,75.4560911441,14.7973311753,99.1423310503,1011.5771942729,1,1.0
838,23.7203375982,89.5926406517,7.335604391,50.5016938329,1032.3787586903,1,1.0
839,30.2341242872,73.3048527749,15.7920027965,36.1266829567,1032.5300799283,0,0.0
840,31.4694367058,90.4840384255,19.7915412306,12.708861208,999.0147309873,0,0.0
841,21.40351417,52.9337044336,8.1685460113,63.7433436011,1026.4702296463,0,0.0
842,29.2249730676,93.2364588249,7.7986351994,91.6697414913,1006.5830814585,0,0.0
843,12.1052816178,93.6309433742,14.1984368149,87.3613007494,1012.9259852125,1,1.0
844,30.8544064139,61.6013844494,10.836836809,14.288963858,996.7884131745,0,0.0
845,15.9451810635,32.661276278,6.3278394837,61.6016235656,1033.4617025775,0,0.0
846,22.5627349242,35.0702851503,13.4541101774,89.6852573266,1003.5177088964,0,0.0
847,17.4031943354,64.9489249559,11.9358143083,54.8530773975,1034.2464762134,0,0.0
848,11.5094870506,94.1631719757,0.9128231785,54.222283491,1033.1010869377,1,1.0
849,34.6372856911,50.5458576461,14.5579064345,98.199940929,1025.4939403435,0,0.0
850,33.8866483326,95.9177633384,11.9553415741,63.3911120812,985.3327942924,0,0.0
851,19.418531674,31.9504606886,10.8502512266,70.1542856183,999.5058251124,0,0.0
852,15.6549075211,82.3565434177,3.9760631401,79.6977879586,987.4746979085,1,1.0
853,10.4780724362,74.3863756628,13.2403832499,72.6055687253,1007.1138830834,1,1.0
854,31.2235888828,55.0263725209,6.5252884346,63.9458340092,1024.6440207894,0,0.0
855,34.7381270736,45.8161475985,12.4245824683,62.8990594394,981.5381010138,0,0.0
856,27.4085872204,76.5557136899,4.6422373596,68.4161923204,1022.4771332675,0,0.0
857,20.9936327961,81.5271889511,9.8086131264,1.3063353997,1044.1505667022,0,0.0
858,23.4592109617,65.9315137934,18.8368820265,56.4777339565,988.6274148096,0,0.0
859,27.408092127,39.396394337,14.9429152117,13.0833041601,1029.2711093076,0,0.0
860,18.8844953765,81.4789718008,8.1085694732,20.0720140248,981.0636522014,0,0.0
861,15.1036068878,94.1638780499,14.8998187719,54.7226232512,1013.7570496463,1,1.0
862,23.4144802777,72.1452865536,4.7844630664,2.9923014389,1030.4114439893,0,0.0
863,17.5726202167,56.9933903127,19.4725399257,42.1550387773,1002.6908642333,0,0.0
864,30.2879617655,58.0657975579,12.0312000595,2.9928537844,1019.5283282212,0,0.0
865,31.7372132637,97.3519542835,6.9333368209,39.6772351826,1027.3712073068,0,0.0
866,32.4190289556,50.1105017242,8.7840394144,69.343226316,1042.9907170113,0,0.0
867,13.6060025505,36.338575837,4.8020301133,5.4929794869,1038.9001182043,0,0.0
868,10.8935670625,81.9252044587,17.7129050135,15.3133648441,995.4332323229,0,0.0
869,19.3303988936,90.6063679597,5.2050560951,25.9565576254,988.7012325852,0,0.0
870,30.2984640423,48.6041410832,2.1783586999,9.1754844604,1043.6140481816,0,0.0
871,28.4984370196,73.4947965964,18.9213468731,22.9202673737,985.059217338,0,0.0
872,30.7235007304,84.868568359,9.8701310355,5.6043140378,988.6664241651,0,0.0
873,20.1485580492,93.3460249308,12.642426738,60.4337446333,1039.1071624199,1,1.0
874,15.2595640268,91.5015966267,11.961746349,41.7913213372,982.7273620778,0,0.0
875,18.943947102,56.4334764845,0.7419699305,26.7807666218,1011.6263416485,0,0.0
876,21.3163382301,52.2805974912,15.8430365712,38.7649590109,1006.7449431729,0,0.0
877,33.7074187915,63.647858495,6.0709237166,21.7717873248,987.2184236201,0,0.0
878,16.6325831134,37.0180743169,18.6102123349,17.5458300743,1047.5350025487,0,0.0
879,25.8495413252,58.3179600816,7.9784851509,61.2968675719,983.0118416653,0,0.0
880,21.4534706815,70.4916083714,5.3915519987,12.7848810169,1029.2455466651,0,0.0
881,16.5830594184,35.1238108967,10.728531122,9.8945964648,1032.0562918755,0,0.0
882,25.3692471536,33.6420868404,10.461093762,46.8226911266,994.2812393893,0,0.0
883,31.6715228415,87.6717546792,3.2918109241,46.2162012067,991.5027465027,0,0.0
884,26.5769550775,39.0409477779,16.3773213503,61.9133564123,1024.933266719,0,0.0
885,15.6853656993,53.630696273,17.5750250213,85.5664776015,1041.7317354594,0,0.0
886,34.8725476838,82.6656414113,11.5636938669,91.3008726393,1023.900129274,0,0.0
887,32.1966257866,67.5384009068,7.7741827197,90.6044498413,1021.1137352682,0,0.0
888,25.2421616287,81.0542906951,8.3941415165,44.1347784937,1029.7803594911,0,0.0
889,25.4154610888,81.5505074524,16.6519230669,28.5935394903,982.4997517948,0,0.0
890,17.3404204951,39.2588049669,4.6057012467,67.271481133,1017.9764254663,0,0.0
891,23.989263353,55.2910030641,7.0463768289,86.4392661011,988.0461329321,0,0.0
892,33.632538337,75.3927850634,5.8983435494,52.8551802987,983.4997193988,0,0.0
893,16.6997170626,74.1946304834,1.028217306,23.776663077,987.7692766111,0,0.0
894,32.2594640279,91.1730176585,13.0078236451,21.5006354897,1001.9601257406,0,0.0
895,14.793102748,32.4444067159,7.9493525043,6.9645254847,1005.1909332675,0,0.0
896,27.1366786478,62.4682771889,18.4096119882,63.6569649521,1017.402494914,0,0.0
897,32.0169530762,42.9627400912,11.8815987889,82.3291535731,1009.7614126923,0,0.0
898,25.4943021069,56.4401151041,10.1662411365,83.3728904881,1004.9928605382,0,0.0
899,34.1231235212,89.6711070548,5.1146706406,36.003530929,988.4165681756,0,0.0
900,24.7427954498,78.6252655962,3.6689399809,16.6277159899,1044.9460978347,0,0.0
901,15.3108590324,43.2701706091,13.63503537,40.2986246306,1014.8062852801,0,0.0
902,19.3263632326,35.859014645,7.3082036495,57.0010121725,989.862727202,0,0.0
903,10.1550853677,49.3861928008,9.1600912078,4.1827756994,1011.5255333469,0,0.0
904,33.9785562994,35.5465918158,16.0699494274,90.7728197684,1046.715967842,0,0.0
905,25.9905560741,80.2565844695,1.6357988106,49.3968922097,988.8180320756,0,0.0
906,17.319850786,31.7461940868,17.059458434,55.5715233611,1048.4160754275,0,0.0
907,15.9473205344,50.3953070038,16.8908909519,8.9246270347,981.847520108,0,0.0
908,30.8646595493,54.242935506,3.5877802608,10.1196903639,1046.9237488907,0,0.0
909,11.2751827207,63.2666837048,15.6727348338,59.7834428673,1031.5904656299,0,0.0
910,27.7967612723,78.3790220257,7.1523971608,45.755156884,1004.5289135446,0,0.0
911,32.6012704859,34.4787583531,10.9801536736,40.8680577423,1000.3905223704,0,0.0
912,29.6288228006,53.8161864022,13.819729333,71.9170016652,987.9659571012,0,0.0
913,30.4922451394,62.3814941947,14.2750894636,45.8533347261,1040.9387478518,0,0.0
914,12.5997019386,83.470786439,8.354828646,4.7317375604,1033.2220588088,0,0.0
915,15.8355063867,76.5150735467,5.0845322365,87.4065551082,1008.4285803613,1,1.0
916,33.0689152556,73.9542070237,13.7805804816,3.410418998,1035.8648732164,0,0.0
917,28.1761065678,38.6111731424,18.0067668541,59.8918986692,1008.6231540797,0,0.0
918,30.0264677757,33.9398482994,10.3462601604,62.5191603085,1009.5158226021,0,0.0
919,23.9812075008,52.0183154567,19.388644872,75.4099137678,1029.2161891583,0,0.0
920,24.0516527689,49.1070839644,11.1807971501,59.4110939514,1009.1958561001,0,0.0
921,24.2104760717,47.8609236684,3.4610388236,93.1015242697,1045.1545554304,0,0.0
922,18.6072291175,74.2772363165,3.0471845096,61.9413632509,1038.7810865633,1,1.0
923,32.1191205575,35.9501840522,15.4483699332,99.5902884543,1031.0209768404,0,0.0
924,19.9790286314,86.6439714506,5.0204507609,26.0562017632,1025.6709690599,0,0.0
925,22.4347841375,89.9224497854,2.1572639967,94.4767169578,981.3521501733,1,1.0
926,29.8477095775,87.3482361092,3.2958084582,99.137102606,1016.7203000358,0,0.0
927,20.2903878403,77.9093331326,19.0869432621,62.8170721723,1038.6837978631,1,1.0
928,17.8643323751,50.1967502004,8.7824657946,59.2654903863,1024.8444276807,0,0.0
929,30.761908628,42.2973598642,16.1155123701,11.1422406706,987.8239878153,0,0.0
930,21.4963970939,79.1054166487,10.1221338833,15.254680658,1029.5395995736,0,0.0
931,18.9409758712,59.3996368434,18.0271232737,9.8147934189,1048.9241483347,0,0.0
932,25.5697248526,81.8979643845,13.8109239261,5.7130148555,1016.3872101269,0,0.0
933,21.5524382407,74.2853275696,9.8150003553,86.4196621153,1019.5983806534,1,1.0
934,33.5416948847,51.0225102345,10.1631314408,0.341828949,1041.160227809,0,0.0
935,28.2236924036,40.1439446685,14.8908537517,94.0083745939,1009.421761792,0,0.0
936,33.8990437677,62.8005836468,12.2537752583,75.9798889679,1008.8393262794,0,0.0
937,12.8473526203,45.7317886664,8.9449177006,71.2884196311,1018.2801396218,0,0.0
938,20.4233488032,43.8642334821,4.1442645795,98.353219582,1004.1663045281,0,0.0
939,10.5339670735,72.723422186,10.7890022762,40.8204770505,1022.9877436871,0,0.0
940,10.4808014838,67.7187418192,4.4807811771,39.9788211511,1040.5909193239,0,0.0
941,31.2422469105,46.4889680904,18.2818558631,47.7004148799,1005.4920115913,0,0.0
942,12.5611570443,98.1132369588,4.3399753349,6.9280964738,1035.6549629129,0,0.0
943,32.6638874805,60.4030932399,15.1222330601,63.5239393545,1037.8491626808,0,0.0
944,31.8389206823,56.1476465007,11.2447631898,97.3263993033,1042.9110189301,0,0.0
945,21.8897279271,80.6121485333,0.626108281,40.4705866283,981.7427340731,0,0.0
946,23.3084017724,58.6507655554,13.227107684,17.6930053634,982.6881904785,0,0.0
947,19.7949234641,50.5793877085,4.0536630831,74.3245011375,1001.3270066266,0,0.0
948,29.2311779758,68.8155878112,3.9554005957,56.5565639204,1002.1961800491,0,0.0
949,25.3889891071,30.7544434454,6.6939852769,50.9782498329,1038.9424972726,0,0.0
950,22.5881954946,83.648838877,12.7417073825,75.9014919941,1012.4302744018,1,1.0
951,29.2229859054,70.7688235126,12.4862378606,21.8254134297,991.5894162631,0,0.0
952,34.0569977832,90.7796276823,0.2808126425,91.9616296131,985.0543772403,0,0.0
953,16.6259924591,44.6943993061,9.0193116383,97.1979720589,1013.8103521832,0,0.0
954,23.9512809164,67.9109262496,3.8223445421,48.8285356539,992.4792319355,0,0.0
955,11.6280367137,59.3777842006,14.8266657584,35.6463613044,991.8171703531,0,0.0
956,32.9085082459,96.6687313724,8.6130290454,91.516952323,999.8885452027,0,0.0
957,27.6237015481,73.9445211957,19.3274348885,52.9060754513,1018.6063774507,0,0.0
958,16.552953731,85.5281514238,4.7885478808,48.971064503,1025.4161616248,0,0.0
959,13.7362076164,97.4814273304,11.2350045887,36.8343264368,1031.6760710374,0,0.0
960,11.6326051788,52.2621202412,4.6615325244,31.5590843457,1003.961288181,0,0.0
961,31.0730278032,82.2855219262,13.5340309314,36.0189293192,1046.0550296549,0,0.0
962,25.1577033261,70.9138095635,11.6886566143,97.0093211922,1031.0266973626,0,0.0
963,22.8102120506,65.150511935,4.488226419,2.5576559751,1048.7038306422,0,0.0
964,10.7959732383,78.5514218557,12.8404103354,47.531382832,1035.9953847229,0,0.0
965,14.5165155385,92.4538747765,15.8021670553,61.1179574411,1041.5534376589,1,1.0
966,30.6715400762,38.796511172,14.393032238,12.1862668623,1002.3752139412,0,0.0
967,14.1858954865,76.3740760428,12.6285827655,56.8229707988,1047.8396614407,1,1.0
968,12.5073485566,71.5681068866,19.2944565294,65.7287462692,990.9645435896,1,1.0
969,15.7226899931,93.1961091711,9.5172254786,92.7110837202,1049.5039748676,1,1.0
970,25.470654206,39.4670307169,14.3429525215,22.789727878,1001.3200133295,0,0.0
971,25.0690844018,83.0728428926,1.3719918181,14.8557839392,1007.2316201173,0,0.0
972,17.6883009805,51.1719618586,9.3781911171,66.8198362056,992.1480298017,0,0.0
973,19.4973475947,56.2146429626,17.365154947,15.2643442968,1014.6272396673,0,0.0
974,29.2769336704,38.1109115682,10.0986452778,87.8661120097,999.3966042845,0,0.0
975,30.6434547139,61.6292782062,2.4657355789,12.7759270929,1032.8530610148,0,0.0
976,21.3647466808,58.7167072477,15.0591744613,71.8184370936,1038.2245201459,0,0.0
977,33.5052422339,36.5562490832,14.2976004299,5.1733575809,1020.3217230392,0,0.0
978,18.1567408162,56.1047567383,1.2848931388,19.0258440723,1039.1075732789,0,0.0
979,27.4332562708,88.0942155637,13.3100558758,48.3825902531,1002.675800598,0,0.0
980,10.8566760088,99.4974075458,13.8857229348,28.3075666345,987.2311878321,0,0.0
981,25.3591877942,63.5560439031,9.6757558904,91.5693949439,1019.1334891227,0,0.0
982,28.6349518487,38.7122426167,4.3254593534,73.5505543044,981.6617034986,0,0.0
983,33.903078989,79.3277421782,3.0105013931,97.2598119528,985.372537904,0,0.0
984,27.2877026958,36.9627513266,11.3930168448,79.5556786922,1048.2231995139,0,0.0
985,34.2623423399,46.79005882,3.4324940089,46.4806032679,1004.6090903669,0,0.0
986,19.8168919137,87.1939888656,12.5541708912,88.5364217461,984.5600818536,1,1.0
987,12.5997019386,83.470786439,8.354828646,4.7317375604,1033.2220588088,0,0.0
988,16.8385508704,86.2481706439,13.3266154579,58.8513225031,1004.4974446704,1,1.0
989,20.3609718297,94.5386083103,14.7206436522,54.9905073384,1045.7441511946,1,1.0
990,29.5132294072,90.0878693833,3.5203042356,0.7866902524,1040.7130729052,0,0.0
991,17.5822980355,65.0568188773,12.253762967,24.6893474081,1005.5690837799,0,0.0
992,10.7901360705,49.7541008919,3.2146596167,56.8613329575,1043.5615571537,0,0.0
993,21.8717925179,73.0370655357,4.3819121234,89.9456654355,1013.0413772788,1,1.0
994,31.016022705,92.3423623605,11.4409162566,60.2347406641,1042.8040339621,0,0.0
995,34.2623423399,46.79005882,3.4324940089,46.4806032679,1004.6090903669,0,0.0
996,26.7054557386,40.1733562931,4.4971135967,88.6518097297,981.6097916231,0,0.0
997,27.0994902842,53.7279680648,0.6524631945,90.3325075669,989.9859043199,0,0.0
998,20.1810292853,98.5904882896,15.612783135,31.9664109633,1026.4554443299,0,0.0
999,29.3277513126,96.8491633714,12.8796824877,85.9265973313,1026.9113547538,0,0.0
